model,description,metric,metric_code,value,rating,link
OAG-AD-15082273,320d - 2013 BMW 320d High-line E92 Auto,price,price,34850,2.27,https://www.carsales.com.au/dealer/details/BMW-320d-2013/OAG-AD-15082273/?Cr=188
OAG-AD-15082273,320d - 2013 BMW 320d High-line E92 Auto,milage,milage,15938,2.27,https://www.carsales.com.au/dealer/details/BMW-320d-2013/OAG-AD-15082273/?Cr=188
OAG-AD-15082273,320d - 2013 BMW 320d High-line E92 Auto,age,age,5,2.27,https://www.carsales.com.au/dealer/details/BMW-320d-2013/OAG-AD-15082273/?Cr=188
OAG-AD-15625816,320d - 2012 BMW 320d F30 Auto,price,price,27590,2.18,https://www.carsales.com.au/dealer/details/BMW-320d-2012/OAG-AD-15625816/?Cr=62
OAG-AD-15625816,320d - 2012 BMW 320d F30 Auto,milage,milage,36345,2.18,https://www.carsales.com.au/dealer/details/BMW-320d-2012/OAG-AD-15625816/?Cr=62
OAG-AD-15625816,320d - 2012 BMW 320d F30 Auto,age,age,6,2.18,https://www.carsales.com.au/dealer/details/BMW-320d-2012/OAG-AD-15625816/?Cr=62
OAG-AD-15565709,320d - 2010 BMW 320d Executive E90 Auto,price,price,21995,2.10,https://www.carsales.com.au/dealer/details/BMW-320d-2010/OAG-AD-15565709/?Cr=160
OAG-AD-15565709,320d - 2010 BMW 320d Executive E90 Auto,milage,milage,45165,2.10,https://www.carsales.com.au/dealer/details/BMW-320d-2010/OAG-AD-15565709/?Cr=160
OAG-AD-15565709,320d - 2010 BMW 320d Executive E90 Auto,age,age,8,2.10,https://www.carsales.com.au/dealer/details/BMW-320d-2010/OAG-AD-15565709/?Cr=160
SSE-AD-3760639,320d - 2011 BMW 320d E93 Auto,price,price,29500,1.18,https://www.carsales.com.au/private/details/BMW-320d-2011/SSE-AD-3760639/?Cr=108
SSE-AD-3760639,320d - 2011 BMW 320d E93 Auto,milage,milage,54000,1.18,https://www.carsales.com.au/private/details/BMW-320d-2011/SSE-AD-3760639/?Cr=108
SSE-AD-3760639,320d - 2011 BMW 320d E93 Auto,age,age,7,1.18,https://www.carsales.com.au/private/details/BMW-320d-2011/SSE-AD-3760639/?Cr=108
OAG-AD-15532711,320d - 2010 BMW 320d Lifestyle E90 Auto,price,price,21990,1.17,https://www.carsales.com.au/dealer/details/BMW-320d-2010/OAG-AD-15532711/?Cr=125
OAG-AD-15532711,320d - 2010 BMW 320d Lifestyle E90 Auto,milage,milage,72906,1.17,https://www.carsales.com.au/dealer/details/BMW-320d-2010/OAG-AD-15532711/?Cr=125
OAG-AD-15532711,320d - 2010 BMW 320d Lifestyle E90 Auto,age,age,8,1.17,https://www.carsales.com.au/dealer/details/BMW-320d-2010/OAG-AD-15532711/?Cr=125
OAG-AD-15619128,320d - 2012 BMW 320d F30 Auto,price,price,34990,1.16,https://www.carsales.com.au/dealer/details/BMW-320d-2012/OAG-AD-15619128/?Cr=503
OAG-AD-15619128,320d - 2012 BMW 320d F30 Auto,milage,milage,42550,1.16,https://www.carsales.com.au/dealer/details/BMW-320d-2012/OAG-AD-15619128/?Cr=503
OAG-AD-15619128,320d - 2012 BMW 320d F30 Auto,age,age,6,1.16,https://www.carsales.com.au/dealer/details/BMW-320d-2012/OAG-AD-15619128/?Cr=503
SSE-AD-4048690,320d - 2011 BMW 320d Lifestyle E90 Auto,price,price,27500,1.16,https://www.carsales.com.au/private/details/BMW-320d-2011/SSE-AD-4048690/?Cr=198
SSE-AD-4048690,320d - 2011 BMW 320d Lifestyle E90 Auto,milage,milage,61000,1.16,https://www.carsales.com.au/private/details/BMW-320d-2011/SSE-AD-4048690/?Cr=198
SSE-AD-4048690,320d - 2011 BMW 320d Lifestyle E90 Auto,age,age,7,1.16,https://www.carsales.com.au/private/details/BMW-320d-2011/SSE-AD-4048690/?Cr=198
OAG-AD-14852521,320d - 2009 BMW 320d E92 Auto,price,price,21270,1.16,https://www.carsales.com.au/dealer/details/BMW-320d-2009/OAG-AD-14852521/?Cr=240
OAG-AD-14852521,320d - 2009 BMW 320d E92 Auto,milage,milage,69680,1.16,https://www.carsales.com.au/dealer/details/BMW-320d-2009/OAG-AD-14852521/?Cr=240
OAG-AD-14852521,320d - 2009 BMW 320d E92 Auto,age,age,9,1.16,https://www.carsales.com.au/dealer/details/BMW-320d-2009/OAG-AD-14852521/?Cr=240
SSE-AD-5061693,320d - 2011 BMW 320d E92 Auto,price,price,23500,1.14,https://www.carsales.com.au/private/details/BMW-320d-2011/SSE-AD-5061693/?Cr=96
SSE-AD-5061693,320d - 2011 BMW 320d E92 Auto,milage,milage,74600,1.14,https://www.carsales.com.au/private/details/BMW-320d-2011/SSE-AD-5061693/?Cr=96
SSE-AD-5061693,320d - 2011 BMW 320d E92 Auto,age,age,7,1.14,https://www.carsales.com.au/private/details/BMW-320d-2011/SSE-AD-5061693/?Cr=96
OAG-AD-15598048,320d - 2012 BMW 320d F30 Auto,price,price,29900,1.13,https://www.carsales.com.au/dealer/details/BMW-320d-2012/OAG-AD-15598048/?Cr=145
OAG-AD-15598048,320d - 2012 BMW 320d F30 Auto,milage,milage,60107,1.13,https://www.carsales.com.au/dealer/details/BMW-320d-2012/OAG-AD-15598048/?Cr=145
OAG-AD-15598048,320d - 2012 BMW 320d F30 Auto,age,age,6,1.13,https://www.carsales.com.au/dealer/details/BMW-320d-2012/OAG-AD-15598048/?Cr=145
SSE-AD-4947958,320d - 2012 BMW 320d F30 Auto,price,price,29950,1.12,https://www.carsales.com.au/private/details/BMW-320d-2012/SSE-AD-4947958/?Cr=87
SSE-AD-4947958,320d - 2012 BMW 320d F30 Auto,milage,milage,60100,1.12,https://www.carsales.com.au/private/details/BMW-320d-2012/SSE-AD-4947958/?Cr=87
SSE-AD-4947958,320d - 2012 BMW 320d F30 Auto,age,age,6,1.12,https://www.carsales.com.au/private/details/BMW-320d-2012/SSE-AD-4947958/?Cr=87
SSE-AD-5042225,320d - 2012 BMW 320d E93 Auto,price,price,32000,1.11,https://www.carsales.com.au/private/details/BMW-320d-2012/SSE-AD-5042225/?Cr=304
SSE-AD-5042225,320d - 2012 BMW 320d E93 Auto,milage,milage,53700,1.11,https://www.carsales.com.au/private/details/BMW-320d-2012/SSE-AD-5042225/?Cr=304
SSE-AD-5042225,320d - 2012 BMW 320d E93 Auto,age,age,6,1.11,https://www.carsales.com.au/private/details/BMW-320d-2012/SSE-AD-5042225/?Cr=304
OAG-AD-15053427,320d - 2017 BMW 320d M Sport F30 LCI Auto,price,price,56981,1.06,https://www.carsales.com.au/demo/details/BMW-320d-2017/OAG-AD-15053427/?Cr=75
OAG-AD-15053427,320d - 2017 BMW 320d M Sport F30 LCI Auto,milage,milage,3602,1.06,https://www.carsales.com.au/demo/details/BMW-320d-2017/OAG-AD-15053427/?Cr=75
OAG-AD-15053427,320d - 2017 BMW 320d M Sport F30 LCI Auto,age,age,1,1.06,https://www.carsales.com.au/demo/details/BMW-320d-2017/OAG-AD-15053427/?Cr=75
OAG-AD-15631032,320d - 2015 BMW 320d M Sport F30 LCI Auto,price,price,42990,1.04,https://www.carsales.com.au/dealer/details/BMW-320d-2015/OAG-AD-15631032/?Cr=506
OAG-AD-15631032,320d - 2015 BMW 320d M Sport F30 LCI Auto,milage,milage,37842,1.04,https://www.carsales.com.au/dealer/details/BMW-320d-2015/OAG-AD-15631032/?Cr=506
OAG-AD-15631032,320d - 2015 BMW 320d M Sport F30 LCI Auto,age,age,3,1.04,https://www.carsales.com.au/dealer/details/BMW-320d-2015/OAG-AD-15631032/?Cr=506
SSE-AD-4854348,320d - 2012 BMW 320d F30 Auto,price,price,35400,1.01,https://www.carsales.com.au/private/details/BMW-320d-2012/SSE-AD-4854348/?Cr=53
SSE-AD-4854348,320d - 2012 BMW 320d F30 Auto,milage,milage,45670,1.01,https://www.carsales.com.au/private/details/BMW-320d-2012/SSE-AD-4854348/?Cr=53
SSE-AD-4854348,320d - 2012 BMW 320d F30 Auto,age,age,6,1.01,https://www.carsales.com.au/private/details/BMW-320d-2012/SSE-AD-4854348/?Cr=53
SSE-AD-5212487,320d - 2014 BMW 320d M Sport F30 Auto,price,price,40000,1.00,https://www.carsales.com.au/private/details/BMW-320d-2014/SSE-AD-5212487/?Cr=205
SSE-AD-5212487,320d - 2014 BMW 320d M Sport F30 Auto,milage,milage,42700,1.00,https://www.carsales.com.au/private/details/BMW-320d-2014/SSE-AD-5212487/?Cr=205
SSE-AD-5212487,320d - 2014 BMW 320d M Sport F30 Auto,age,age,4,1.00,https://www.carsales.com.au/private/details/BMW-320d-2014/SSE-AD-5212487/?Cr=205
SSE-AD-3557222,320d - 2013 BMW 320d F30 Auto,price,price,29000,0.98,https://www.carsales.com.au/private/details/BMW-320d-2013/SSE-AD-3557222/?Cr=191
SSE-AD-3557222,320d - 2013 BMW 320d F30 Auto,milage,milage,73000,0.98,https://www.carsales.com.au/private/details/BMW-320d-2013/SSE-AD-3557222/?Cr=191
SSE-AD-3557222,320d - 2013 BMW 320d F30 Auto,age,age,5,0.98,https://www.carsales.com.au/private/details/BMW-320d-2013/SSE-AD-3557222/?Cr=191
SSE-AD-4932182,320d - 2012 BMW 320d F30 Auto,price,price,36990,0.97,https://www.carsales.com.au/private/details/BMW-320d-2012/SSE-AD-4932182/?Cr=207
SSE-AD-4932182,320d - 2012 BMW 320d F30 Auto,milage,milage,41750,0.97,https://www.carsales.com.au/private/details/BMW-320d-2012/SSE-AD-4932182/?Cr=207
SSE-AD-4932182,320d - 2012 BMW 320d F30 Auto,age,age,6,0.97,https://www.carsales.com.au/private/details/BMW-320d-2012/SSE-AD-4932182/?Cr=207
OAG-AD-15618138,320d - 2012 BMW 320d F30 Auto,price,price,26990,0.97,https://www.carsales.com.au/dealer/details/BMW-320d-2012/OAG-AD-15618138/?Cr=120
OAG-AD-15618138,320d - 2012 BMW 320d F30 Auto,milage,milage,74126,0.97,https://www.carsales.com.au/dealer/details/BMW-320d-2012/OAG-AD-15618138/?Cr=120
OAG-AD-15618138,320d - 2012 BMW 320d F30 Auto,age,age,6,0.97,https://www.carsales.com.au/dealer/details/BMW-320d-2012/OAG-AD-15618138/?Cr=120
SSE-AD-5071126,320d - 2012 BMW 320d F30 Auto,price,price,25000,0.92,https://www.carsales.com.au/private/details/BMW-320d-2012/SSE-AD-5071126/?Cr=228
SSE-AD-5071126,320d - 2012 BMW 320d F30 Auto,milage,milage,82000,0.92,https://www.carsales.com.au/private/details/BMW-320d-2012/SSE-AD-5071126/?Cr=228
SSE-AD-5071126,320d - 2012 BMW 320d F30 Auto,age,age,6,0.92,https://www.carsales.com.au/private/details/BMW-320d-2012/SSE-AD-5071126/?Cr=228
SSE-AD-5115264,320d - 2010 BMW 320d Lifestyle E90 Auto,price,price,19850,0.90,https://www.carsales.com.au/private/details/BMW-320d-2010/SSE-AD-5115264/?Cr=255
SSE-AD-5115264,320d - 2010 BMW 320d Lifestyle E90 Auto,milage,milage,87800,0.90,https://www.carsales.com.au/private/details/BMW-320d-2010/SSE-AD-5115264/?Cr=255
SSE-AD-5115264,320d - 2010 BMW 320d Lifestyle E90 Auto,age,age,8,0.90,https://www.carsales.com.au/private/details/BMW-320d-2010/SSE-AD-5115264/?Cr=255
OAG-AD-15565407,320d - 2014 BMW 320d High-Line Luxury Line F30 Auto,price,price,29390,0.89,https://www.carsales.com.au/dealer/details/BMW-320d-2014/OAG-AD-15565407/?Cr=78
OAG-AD-15565407,320d - 2014 BMW 320d High-Line Luxury Line F30 Auto,milage,milage,80242,0.89,https://www.carsales.com.au/dealer/details/BMW-320d-2014/OAG-AD-15565407/?Cr=78
OAG-AD-15565407,320d - 2014 BMW 320d High-Line Luxury Line F30 Auto,age,age,4,0.89,https://www.carsales.com.au/dealer/details/BMW-320d-2014/OAG-AD-15565407/?Cr=78
OAG-AD-15204049,320d - 2016 BMW 320d M Sport F30 LCI Auto,price,price,56990,0.86,https://www.carsales.com.au/demo/details/BMW-320d-2016/OAG-AD-15204049/?Cr=85
OAG-AD-15204049,320d - 2016 BMW 320d M Sport F30 LCI Auto,milage,milage,3662,0.86,https://www.carsales.com.au/demo/details/BMW-320d-2016/OAG-AD-15204049/?Cr=85
OAG-AD-15204049,320d - 2016 BMW 320d M Sport F30 LCI Auto,age,age,2,0.86,https://www.carsales.com.au/demo/details/BMW-320d-2016/OAG-AD-15204049/?Cr=85
OAG-AD-15082254,320d - 2009 BMW 320d E93 Auto,price,price,27990,0.83,https://www.carsales.com.au/dealer/details/BMW-320d-2009/OAG-AD-15082254/?Cr=196
OAG-AD-15082254,320d - 2009 BMW 320d E93 Auto,milage,milage,57558,0.83,https://www.carsales.com.au/dealer/details/BMW-320d-2009/OAG-AD-15082254/?Cr=196
OAG-AD-15082254,320d - 2009 BMW 320d E93 Auto,age,age,9,0.83,https://www.carsales.com.au/dealer/details/BMW-320d-2009/OAG-AD-15082254/?Cr=196
OAG-AD-15005001,320d - 2017 BMW 320d Luxury Line F30 LCI Auto,price,price,58777,0.82,https://www.carsales.com.au/demo/details/BMW-320d-2017/OAG-AD-15005001/?Cr=30
OAG-AD-15005001,320d - 2017 BMW 320d Luxury Line F30 LCI Auto,milage,milage,4872,0.82,https://www.carsales.com.au/demo/details/BMW-320d-2017/OAG-AD-15005001/?Cr=30
OAG-AD-15005001,320d - 2017 BMW 320d Luxury Line F30 LCI Auto,age,age,1,0.82,https://www.carsales.com.au/demo/details/BMW-320d-2017/OAG-AD-15005001/?Cr=30
OAG-AD-15156452,320d - 2015 BMW 320d M Sport F30 Auto,price,price,45888,0.75,https://www.carsales.com.au/dealer/details/BMW-320d-2015/OAG-AD-15156452/?Cr=203
OAG-AD-15156452,320d - 2015 BMW 320d M Sport F30 Auto,milage,milage,37000,0.75,https://www.carsales.com.au/dealer/details/BMW-320d-2015/OAG-AD-15156452/?Cr=203
OAG-AD-15156452,320d - 2015 BMW 320d M Sport F30 Auto,age,age,3,0.75,https://www.carsales.com.au/dealer/details/BMW-320d-2015/OAG-AD-15156452/?Cr=203
OAG-AD-15625438,320d - 2016 BMW 320d M Sport F30 LCI Auto,price,price,57990,0.73,https://www.carsales.com.au/demo/details/BMW-320d-2016/OAG-AD-15625438/?Cr=486
OAG-AD-15625438,320d - 2016 BMW 320d M Sport F30 LCI Auto,milage,milage,4088,0.73,https://www.carsales.com.au/demo/details/BMW-320d-2016/OAG-AD-15625438/?Cr=486
OAG-AD-15625438,320d - 2016 BMW 320d M Sport F30 LCI Auto,age,age,2,0.73,https://www.carsales.com.au/demo/details/BMW-320d-2016/OAG-AD-15625438/?Cr=486
SSE-AD-5165475,320d - 2006 BMW 320d Executive E90 Auto,price,price,11990,0.73,https://www.carsales.com.au/private/details/BMW-320d-2006/SSE-AD-5165475/?Cr=235
SSE-AD-5165475,320d - 2006 BMW 320d Executive E90 Auto,milage,milage,95000,0.73,https://www.carsales.com.au/private/details/BMW-320d-2006/SSE-AD-5165475/?Cr=235
SSE-AD-5165475,320d - 2006 BMW 320d Executive E90 Auto,age,age,12,0.73,https://www.carsales.com.au/private/details/BMW-320d-2006/SSE-AD-5165475/?Cr=235
SSE-AD-2939361,320d - 2011 BMW 320d Lifestyle E90 Auto,price,price,21000,0.71,https://www.carsales.com.au/private/details/BMW-320d-2011/SSE-AD-2939361/?Cr=294
SSE-AD-2939361,320d - 2011 BMW 320d Lifestyle E90 Auto,milage,milage,95500,0.71,https://www.carsales.com.au/private/details/BMW-320d-2011/SSE-AD-2939361/?Cr=294
SSE-AD-2939361,320d - 2011 BMW 320d Lifestyle E90 Auto,age,age,7,0.71,https://www.carsales.com.au/private/details/BMW-320d-2011/SSE-AD-2939361/?Cr=294
OAG-AD-15493075,320d - 2017 BMW 320d Sport Line F30 LCI Auto,price,price,59990,0.70,https://www.carsales.com.au/dealer/details/BMW-320d-2017/OAG-AD-15493075/?Cr=110
OAG-AD-15493075,320d - 2017 BMW 320d Sport Line F30 LCI Auto,milage,milage,4401,0.70,https://www.carsales.com.au/dealer/details/BMW-320d-2017/OAG-AD-15493075/?Cr=110
OAG-AD-15493075,320d - 2017 BMW 320d Sport Line F30 LCI Auto,age,age,1,0.70,https://www.carsales.com.au/dealer/details/BMW-320d-2017/OAG-AD-15493075/?Cr=110
SSE-AD-4425957,320d - 2010 BMW 320d Executive E90 Auto,price,price,16500,0.68,https://www.carsales.com.au/private/details/BMW-320d-2010/SSE-AD-4425957/?Cr=476
SSE-AD-4425957,320d - 2010 BMW 320d Executive E90 Auto,milage,milage,105000,0.68,https://www.carsales.com.au/private/details/BMW-320d-2010/SSE-AD-4425957/?Cr=476
SSE-AD-4425957,320d - 2010 BMW 320d Executive E90 Auto,age,age,8,0.68,https://www.carsales.com.au/private/details/BMW-320d-2010/SSE-AD-4425957/?Cr=476
SSE-AD-4481858,320d - 2012 BMW 320d F30 Auto,price,price,35550,0.61,https://www.carsales.com.au/private/details/BMW-320d-2012/SSE-AD-4481858/?Cr=170
SSE-AD-4481858,320d - 2012 BMW 320d F30 Auto,milage,milage,57000,0.61,https://www.carsales.com.au/private/details/BMW-320d-2012/SSE-AD-4481858/?Cr=170
SSE-AD-4481858,320d - 2012 BMW 320d F30 Auto,age,age,6,0.61,https://www.carsales.com.au/private/details/BMW-320d-2012/SSE-AD-4481858/?Cr=170
SSE-AD-5219158,320d - 2012 BMW 320d F30 Auto,price,price,39900,0.61,https://www.carsales.com.au/private/details/BMW-320d-2012/SSE-AD-5219158/?Cr=94
SSE-AD-5219158,320d - 2012 BMW 320d F30 Auto,milage,milage,42952,0.61,https://www.carsales.com.au/private/details/BMW-320d-2012/SSE-AD-5219158/?Cr=94
SSE-AD-5219158,320d - 2012 BMW 320d F30 Auto,age,age,6,0.61,https://www.carsales.com.au/private/details/BMW-320d-2012/SSE-AD-5219158/?Cr=94
SSE-AD-5228678,320d - 2010 BMW 320d Lifestyle E91 Auto,price,price,15490,0.61,https://www.carsales.com.au/private/details/BMW-320d-2010/SSE-AD-5228678/?Cr=230
SSE-AD-5228678,320d - 2010 BMW 320d Lifestyle E91 Auto,milage,milage,110400,0.61,https://www.carsales.com.au/private/details/BMW-320d-2010/SSE-AD-5228678/?Cr=230
SSE-AD-5228678,320d - 2010 BMW 320d Lifestyle E91 Auto,age,age,8,0.61,https://www.carsales.com.au/private/details/BMW-320d-2010/SSE-AD-5228678/?Cr=230
SSE-AD-5118344,320d - 2012 BMW 320d F30 Auto,price,price,25000,0.57,https://www.carsales.com.au/private/details/BMW-320d-2012/SSE-AD-5118344/?Cr=101
SSE-AD-5118344,320d - 2012 BMW 320d F30 Auto,milage,milage,92343,0.57,https://www.carsales.com.au/private/details/BMW-320d-2012/SSE-AD-5118344/?Cr=101
SSE-AD-5118344,320d - 2012 BMW 320d F30 Auto,age,age,6,0.57,https://www.carsales.com.au/private/details/BMW-320d-2012/SSE-AD-5118344/?Cr=101
SSE-AD-5233030,320d - 2013 BMW 320d F30 Auto,price,price,34990,0.56,https://www.carsales.com.au/private/details/BMW-320d-2013/SSE-AD-5233030/?Cr=100
SSE-AD-5233030,320d - 2013 BMW 320d F30 Auto,milage,milage,66160,0.56,https://www.carsales.com.au/private/details/BMW-320d-2013/SSE-AD-5233030/?Cr=100
SSE-AD-5233030,320d - 2013 BMW 320d F30 Auto,age,age,5,0.56,https://www.carsales.com.au/private/details/BMW-320d-2013/SSE-AD-5233030/?Cr=100
SSE-AD-4932067,320d - 2009 BMW 320d Executive E90 Auto,price,price,15200,0.53,https://www.carsales.com.au/private/details/BMW-320d-2009/SSE-AD-4932067/?Cr=234
SSE-AD-4932067,320d - 2009 BMW 320d Executive E90 Auto,milage,milage,108000,0.53,https://www.carsales.com.au/private/details/BMW-320d-2009/SSE-AD-4932067/?Cr=234
SSE-AD-4932067,320d - 2009 BMW 320d Executive E90 Auto,age,age,9,0.53,https://www.carsales.com.au/private/details/BMW-320d-2009/SSE-AD-4932067/?Cr=234
SSE-AD-5248897,320d - 2011 BMW 320d Lifestyle E91 Auto,price,price,18999,0.52,https://www.carsales.com.au/private/details/BMW-320d-2011/SSE-AD-5248897/?Cr=134
SSE-AD-5248897,320d - 2011 BMW 320d Lifestyle E91 Auto,milage,milage,107606,0.52,https://www.carsales.com.au/private/details/BMW-320d-2011/SSE-AD-5248897/?Cr=134
SSE-AD-5248897,320d - 2011 BMW 320d Lifestyle E91 Auto,age,age,7,0.52,https://www.carsales.com.au/private/details/BMW-320d-2011/SSE-AD-5248897/?Cr=134
OAG-AD-15570161,320d - 2013 BMW 320d Sport Line F34 Auto,price,price,38990,0.51,https://www.carsales.com.au/dealer/details/BMW-320d-2013/OAG-AD-15570161/?Cr=193
OAG-AD-15570161,320d - 2013 BMW 320d Sport Line F34 Auto,milage,milage,54596,0.51,https://www.carsales.com.au/dealer/details/BMW-320d-2013/OAG-AD-15570161/?Cr=193
OAG-AD-15570161,320d - 2013 BMW 320d Sport Line F34 Auto,age,age,5,0.51,https://www.carsales.com.au/dealer/details/BMW-320d-2013/OAG-AD-15570161/?Cr=193
SSE-AD-5202039,320d - 2010 BMW 320d E92 Auto,price,price,26000,0.51,https://www.carsales.com.au/private/details/BMW-320d-2010/SSE-AD-5202039/?Cr=102
SSE-AD-5202039,320d - 2010 BMW 320d E92 Auto,milage,milage,79500,0.51,https://www.carsales.com.au/private/details/BMW-320d-2010/SSE-AD-5202039/?Cr=102
SSE-AD-5202039,320d - 2010 BMW 320d E92 Auto,age,age,8,0.51,https://www.carsales.com.au/private/details/BMW-320d-2010/SSE-AD-5202039/?Cr=102
SSE-AD-4521771,320d - 2015 BMW 320d M Sport F30 Auto,price,price,45000,0.47,https://www.carsales.com.au/private/details/BMW-320d-2015/SSE-AD-4521771/?Cr=224
SSE-AD-4521771,320d - 2015 BMW 320d M Sport F30 Auto,milage,milage,48000,0.47,https://www.carsales.com.au/private/details/BMW-320d-2015/SSE-AD-4521771/?Cr=224
SSE-AD-4521771,320d - 2015 BMW 320d M Sport F30 Auto,age,age,3,0.47,https://www.carsales.com.au/private/details/BMW-320d-2015/SSE-AD-4521771/?Cr=224
OAG-AD-15014547,320d - 2017 BMW 320d M Sport F30 LCI Auto,price,price,61900,0.47,https://www.carsales.com.au/dealer/details/BMW-320d-2017/OAG-AD-15014547/?Cr=22
OAG-AD-15014547,320d - 2017 BMW 320d M Sport F30 LCI Auto,milage,milage,5009,0.47,https://www.carsales.com.au/dealer/details/BMW-320d-2017/OAG-AD-15014547/?Cr=22
OAG-AD-15014547,320d - 2017 BMW 320d M Sport F30 LCI Auto,age,age,1,0.47,https://www.carsales.com.au/dealer/details/BMW-320d-2017/OAG-AD-15014547/?Cr=22
SSE-AD-4966011,320d - 2011 BMW 320d E92 Auto,price,price,22499,0.46,https://www.carsales.com.au/private/details/BMW-320d-2011/SSE-AD-4966011/?Cr=212
SSE-AD-4966011,320d - 2011 BMW 320d E92 Auto,milage,milage,98000,0.46,https://www.carsales.com.au/private/details/BMW-320d-2011/SSE-AD-4966011/?Cr=212
SSE-AD-4966011,320d - 2011 BMW 320d E92 Auto,age,age,7,0.46,https://www.carsales.com.au/private/details/BMW-320d-2011/SSE-AD-4966011/?Cr=212
SSE-AD-5115404,320d - 2012 BMW 320d F30 Auto,price,price,25500,0.45,https://www.carsales.com.au/private/details/BMW-320d-2012/SSE-AD-5115404/?Cr=91
SSE-AD-5115404,320d - 2012 BMW 320d F30 Auto,milage,milage,94250,0.45,https://www.carsales.com.au/private/details/BMW-320d-2012/SSE-AD-5115404/?Cr=91
SSE-AD-5115404,320d - 2012 BMW 320d F30 Auto,age,age,6,0.45,https://www.carsales.com.au/private/details/BMW-320d-2012/SSE-AD-5115404/?Cr=91
SSE-AD-4942841,320d - 2015 BMW 320d M Sport F30 Auto,price,price,38990,0.45,https://www.carsales.com.au/private/details/BMW-320d-2015/SSE-AD-4942841/?Cr=311
SSE-AD-4942841,320d - 2015 BMW 320d M Sport F30 Auto,milage,milage,68233,0.45,https://www.carsales.com.au/private/details/BMW-320d-2015/SSE-AD-4942841/?Cr=311
SSE-AD-4942841,320d - 2015 BMW 320d M Sport F30 Auto,age,age,3,0.45,https://www.carsales.com.au/private/details/BMW-320d-2015/SSE-AD-4942841/?Cr=311
OAG-AD-15443539,320d - 2014 BMW 320d High-Line M Sport F30 Auto,price,price,37988,0.44,https://www.carsales.com.au/dealer/details/BMW-320d-2014/OAG-AD-15443539/?Cr=45
OAG-AD-15443539,320d - 2014 BMW 320d High-Line M Sport F30 Auto,milage,milage,65719,0.44,https://www.carsales.com.au/dealer/details/BMW-320d-2014/OAG-AD-15443539/?Cr=45
OAG-AD-15443539,320d - 2014 BMW 320d High-Line M Sport F30 Auto,age,age,4,0.44,https://www.carsales.com.au/dealer/details/BMW-320d-2014/OAG-AD-15443539/?Cr=45
OAG-AD-15186056,320d - 2010 BMW 320d Lifestyle E90 Auto,price,price,17990,0.43,https://www.carsales.com.au/dealer/details/BMW-320d-2010/OAG-AD-15186056/?Cr=168
OAG-AD-15186056,320d - 2010 BMW 320d Lifestyle E90 Auto,milage,milage,107722,0.43,https://www.carsales.com.au/dealer/details/BMW-320d-2010/OAG-AD-15186056/?Cr=168
OAG-AD-15186056,320d - 2010 BMW 320d Lifestyle E90 Auto,age,age,8,0.43,https://www.carsales.com.au/dealer/details/BMW-320d-2010/OAG-AD-15186056/?Cr=168
SSE-AD-5224906,320d - 2008 BMW 320d Executive E90 Auto,price,price,12900,0.43,https://www.carsales.com.au/private/details/BMW-320d-2008/SSE-AD-5224906/?Cr=172
SSE-AD-5224906,320d - 2008 BMW 320d Executive E90 Auto,milage,milage,112600,0.43,https://www.carsales.com.au/private/details/BMW-320d-2008/SSE-AD-5224906/?Cr=172
SSE-AD-5224906,320d - 2008 BMW 320d Executive E90 Auto,age,age,10,0.43,https://www.carsales.com.au/private/details/BMW-320d-2008/SSE-AD-5224906/?Cr=172
SSE-AD-4837114,320d - 2013 BMW 320d Sport Line F34 Auto,price,price,25500,0.42,https://www.carsales.com.au/private/details/BMW-320d-2013/SSE-AD-4837114/?Cr=233
SSE-AD-4837114,320d - 2013 BMW 320d Sport Line F34 Auto,milage,milage,101000,0.42,https://www.carsales.com.au/private/details/BMW-320d-2013/SSE-AD-4837114/?Cr=233
SSE-AD-4837114,320d - 2013 BMW 320d Sport Line F34 Auto,age,age,5,0.42,https://www.carsales.com.au/private/details/BMW-320d-2013/SSE-AD-4837114/?Cr=233
OAG-AD-15539071,320d - 2017 BMW 320d Luxury Line F30 LCI Auto,price,price,62888,0.41,https://www.carsales.com.au/dealer/details/BMW-320d-2017/OAG-AD-15539071/?Cr=42
OAG-AD-15539071,320d - 2017 BMW 320d Luxury Line F30 LCI Auto,milage,milage,3496,0.41,https://www.carsales.com.au/dealer/details/BMW-320d-2017/OAG-AD-15539071/?Cr=42
OAG-AD-15539071,320d - 2017 BMW 320d Luxury Line F30 LCI Auto,age,age,1,0.41,https://www.carsales.com.au/dealer/details/BMW-320d-2017/OAG-AD-15539071/?Cr=42
SSE-AD-5221979,320d - 2016 BMW 320d M Sport F30 LCI Auto,price,price,49950,0.40,https://www.carsales.com.au/private/details/BMW-320d-2016/SSE-AD-5221979/?Cr=169
SSE-AD-5221979,320d - 2016 BMW 320d M Sport F30 LCI Auto,milage,milage,40000,0.40,https://www.carsales.com.au/private/details/BMW-320d-2016/SSE-AD-5221979/?Cr=169
SSE-AD-5221979,320d - 2016 BMW 320d M Sport F30 LCI Auto,age,age,2,0.40,https://www.carsales.com.au/private/details/BMW-320d-2016/SSE-AD-5221979/?Cr=169
SSE-AD-5231627,320d - 2013 BMW 320d F30 Auto,price,price,36000,0.33,https://www.carsales.com.au/private/details/BMW-320d-2013/SSE-AD-5231627/?Cr=74
SSE-AD-5231627,320d - 2013 BMW 320d F30 Auto,milage,milage,69666,0.33,https://www.carsales.com.au/private/details/BMW-320d-2013/SSE-AD-5231627/?Cr=74
SSE-AD-5231627,320d - 2013 BMW 320d F30 Auto,age,age,5,0.33,https://www.carsales.com.au/private/details/BMW-320d-2013/SSE-AD-5231627/?Cr=74
OAG-AD-15625424,320d - 2012 BMW 320d F30 Auto,price,price,27990,0.32,https://www.carsales.com.au/dealer/details/BMW-320d-2012/OAG-AD-15625424/?Cr=501
OAG-AD-15625424,320d - 2012 BMW 320d F30 Auto,milage,milage,89985,0.32,https://www.carsales.com.au/dealer/details/BMW-320d-2012/OAG-AD-15625424/?Cr=501
OAG-AD-15625424,320d - 2012 BMW 320d F30 Auto,age,age,6,0.32,https://www.carsales.com.au/dealer/details/BMW-320d-2012/OAG-AD-15625424/?Cr=501
OAG-AD-15385332,320d - 2013 BMW 320d E92 Auto,price,price,28950,0.30,https://www.carsales.com.au/dealer/details/BMW-320d-2013/OAG-AD-15385332/?Cr=132
OAG-AD-15385332,320d - 2013 BMW 320d E92 Auto,milage,milage,93536,0.30,https://www.carsales.com.au/dealer/details/BMW-320d-2013/OAG-AD-15385332/?Cr=132
OAG-AD-15385332,320d - 2013 BMW 320d E92 Auto,age,age,5,0.30,https://www.carsales.com.au/dealer/details/BMW-320d-2013/OAG-AD-15385332/?Cr=132
OAG-AD-15578166,320d - 2015 BMW 320d Sport Line F30 Auto,price,price,44990,0.28,https://www.carsales.com.au/dealer/details/BMW-320d-2015/OAG-AD-15578166/?Cr=142
OAG-AD-15578166,320d - 2015 BMW 320d Sport Line F30 Auto,milage,milage,53845,0.28,https://www.carsales.com.au/dealer/details/BMW-320d-2015/OAG-AD-15578166/?Cr=142
OAG-AD-15578166,320d - 2015 BMW 320d Sport Line F30 Auto,age,age,3,0.28,https://www.carsales.com.au/dealer/details/BMW-320d-2015/OAG-AD-15578166/?Cr=142
OAG-AD-15025826,320d - 2010 BMW 320d E92 Auto,price,price,17990,0.27,https://www.carsales.com.au/dealer/details/BMW-320d-2010/OAG-AD-15025826/?Cr=33
OAG-AD-15025826,320d - 2010 BMW 320d E92 Auto,milage,milage,112335,0.27,https://www.carsales.com.au/dealer/details/BMW-320d-2010/OAG-AD-15025826/?Cr=33
OAG-AD-15025826,320d - 2010 BMW 320d E92 Auto,age,age,8,0.27,https://www.carsales.com.au/dealer/details/BMW-320d-2010/OAG-AD-15025826/?Cr=33
OAG-AD-15375211,320d - 2011 BMW 320d E93 Auto,price,price,36980,0.20,https://www.carsales.com.au/dealer/details/BMW-320d-2011/OAG-AD-15375211/?Cr=192
OAG-AD-15375211,320d - 2011 BMW 320d E93 Auto,milage,milage,58716,0.20,https://www.carsales.com.au/dealer/details/BMW-320d-2011/OAG-AD-15375211/?Cr=192
OAG-AD-15375211,320d - 2011 BMW 320d E93 Auto,age,age,7,0.20,https://www.carsales.com.au/dealer/details/BMW-320d-2011/OAG-AD-15375211/?Cr=192
OAG-AD-15509551,320d - 2017 BMW 320d M Sport F34 LCI Auto,price,price,64900,0.19,https://www.carsales.com.au/demo/details/BMW-320d-2017/OAG-AD-15509551/?Cr=176
OAG-AD-15509551,320d - 2017 BMW 320d M Sport F34 LCI Auto,milage,milage,3584,0.19,https://www.carsales.com.au/demo/details/BMW-320d-2017/OAG-AD-15509551/?Cr=176
OAG-AD-15509551,320d - 2017 BMW 320d M Sport F34 LCI Auto,age,age,1,0.19,https://www.carsales.com.au/demo/details/BMW-320d-2017/OAG-AD-15509551/?Cr=176
OAG-AD-15577431,320d - 2017 BMW 320d M Sport F30 LCI Auto,price,price,64880,0.19,https://www.carsales.com.au/demo/details/BMW-320d-2017/OAG-AD-15577431/?Cr=11
OAG-AD-15577431,320d - 2017 BMW 320d M Sport F30 LCI Auto,milage,milage,3780,0.19,https://www.carsales.com.au/demo/details/BMW-320d-2017/OAG-AD-15577431/?Cr=11
OAG-AD-15577431,320d - 2017 BMW 320d M Sport F30 LCI Auto,age,age,1,0.19,https://www.carsales.com.au/demo/details/BMW-320d-2017/OAG-AD-15577431/?Cr=11
SSE-AD-4770566,320d - 2013 BMW 320d Sport Line F34 Auto,price,price,36000,0.18,https://www.carsales.com.au/private/details/BMW-320d-2013/SSE-AD-4770566/?Cr=92
SSE-AD-4770566,320d - 2013 BMW 320d Sport Line F34 Auto,milage,milage,74288,0.18,https://www.carsales.com.au/private/details/BMW-320d-2013/SSE-AD-4770566/?Cr=92
SSE-AD-4770566,320d - 2013 BMW 320d Sport Line F34 Auto,age,age,5,0.18,https://www.carsales.com.au/private/details/BMW-320d-2013/SSE-AD-4770566/?Cr=92
OAG-AD-15503807,320d - 2017 BMW 320d Luxury Line F30 LCI Auto,price,price,65777,0.14,https://www.carsales.com.au/dealer/details/BMW-320d-2017/OAG-AD-15503807/?Cr=28
OAG-AD-15503807,320d - 2017 BMW 320d Luxury Line F30 LCI Auto,milage,milage,2181,0.14,https://www.carsales.com.au/dealer/details/BMW-320d-2017/OAG-AD-15503807/?Cr=28
OAG-AD-15503807,320d - 2017 BMW 320d Luxury Line F30 LCI Auto,age,age,1,0.14,https://www.carsales.com.au/dealer/details/BMW-320d-2017/OAG-AD-15503807/?Cr=28
SSE-AD-4598593,320d - 2012 BMW 320d F30 Auto,price,price,36000,0.09,https://www.carsales.com.au/private/details/BMW-320d-2012/SSE-AD-4598593/?Cr=23
SSE-AD-4598593,320d - 2012 BMW 320d F30 Auto,milage,milage,71000,0.09,https://www.carsales.com.au/private/details/BMW-320d-2012/SSE-AD-4598593/?Cr=23
SSE-AD-4598593,320d - 2012 BMW 320d F30 Auto,age,age,6,0.09,https://www.carsales.com.au/private/details/BMW-320d-2012/SSE-AD-4598593/?Cr=23
SSE-AD-4849210,320d - 2012 BMW 320d F30 Auto,price,price,35999,0.09,https://www.carsales.com.au/private/details/BMW-320d-2012/SSE-AD-4849210/?Cr=232
SSE-AD-4849210,320d - 2012 BMW 320d F30 Auto,milage,milage,71025,0.09,https://www.carsales.com.au/private/details/BMW-320d-2012/SSE-AD-4849210/?Cr=232
SSE-AD-4849210,320d - 2012 BMW 320d F30 Auto,age,age,6,0.09,https://www.carsales.com.au/private/details/BMW-320d-2012/SSE-AD-4849210/?Cr=232
SSE-AD-4888245,320d - 2015 BMW 320d Sport Line F34 Auto,price,price,55000,0.09,https://www.carsales.com.au/private/details/BMW-320d-2015/SSE-AD-4888245/?Cr=516
SSE-AD-4888245,320d - 2015 BMW 320d Sport Line F34 Auto,milage,milage,27000,0.09,https://www.carsales.com.au/private/details/BMW-320d-2015/SSE-AD-4888245/?Cr=516
SSE-AD-4888245,320d - 2015 BMW 320d Sport Line F34 Auto,age,age,3,0.09,https://www.carsales.com.au/private/details/BMW-320d-2015/SSE-AD-4888245/?Cr=516
OAG-AD-13514437,320d - 2015 BMW 320d Luxury Line F30 LCI Auto,price,price,62990,0.06,https://www.carsales.com.au/demo/details/BMW-320d-2015/OAG-AD-13514437/?Cr=141
OAG-AD-13514437,320d - 2015 BMW 320d Luxury Line F30 LCI Auto,milage,milage,1960,0.06,https://www.carsales.com.au/demo/details/BMW-320d-2015/OAG-AD-13514437/?Cr=141
OAG-AD-13514437,320d - 2015 BMW 320d Luxury Line F30 LCI Auto,age,age,3,0.06,https://www.carsales.com.au/demo/details/BMW-320d-2015/OAG-AD-13514437/?Cr=141
SSE-AD-5011832,320d - 2011 BMW 320d E93 Auto,price,price,31900,0.04,https://www.carsales.com.au/private/details/BMW-320d-2011/SSE-AD-5011832/?Cr=5
SSE-AD-5011832,320d - 2011 BMW 320d E93 Auto,milage,milage,79888,0.04,https://www.carsales.com.au/private/details/BMW-320d-2011/SSE-AD-5011832/?Cr=5
SSE-AD-5011832,320d - 2011 BMW 320d E93 Auto,age,age,7,0.04,https://www.carsales.com.au/private/details/BMW-320d-2011/SSE-AD-5011832/?Cr=5
SSE-AD-4902685,320d - 2014 BMW 320d M Sport F30 Auto,price,price,35000,0.01,https://www.carsales.com.au/private/details/BMW-320d-2014/SSE-AD-4902685/?Cr=106
SSE-AD-4902685,320d - 2014 BMW 320d M Sport F30 Auto,milage,milage,88260,0.01,https://www.carsales.com.au/private/details/BMW-320d-2014/SSE-AD-4902685/?Cr=106
SSE-AD-4902685,320d - 2014 BMW 320d M Sport F30 Auto,age,age,4,0.01,https://www.carsales.com.au/private/details/BMW-320d-2014/SSE-AD-4902685/?Cr=106
SSE-AD-5055663,320d - 2010 BMW 320d Lifestyle E90 Auto,price,price,15999,-0.04,https://www.carsales.com.au/private/details/BMW-320d-2010/SSE-AD-5055663/?Cr=200
SSE-AD-5055663,320d - 2010 BMW 320d Lifestyle E90 Auto,milage,milage,128000,-0.04,https://www.carsales.com.au/private/details/BMW-320d-2010/SSE-AD-5055663/?Cr=200
SSE-AD-5055663,320d - 2010 BMW 320d Lifestyle E90 Auto,age,age,8,-0.04,https://www.carsales.com.au/private/details/BMW-320d-2010/SSE-AD-5055663/?Cr=200
OAG-AD-15602937,320d - 2016 BMW 320d M Sport F34 LCI Auto,price,price,64990,-0.08,https://www.carsales.com.au/demo/details/BMW-320d-2016/OAG-AD-15602937/?Cr=76
OAG-AD-15602937,320d - 2016 BMW 320d M Sport F34 LCI Auto,milage,milage,5452,-0.08,https://www.carsales.com.au/demo/details/BMW-320d-2016/OAG-AD-15602937/?Cr=76
OAG-AD-15602937,320d - 2016 BMW 320d M Sport F34 LCI Auto,age,age,2,-0.08,https://www.carsales.com.au/demo/details/BMW-320d-2016/OAG-AD-15602937/?Cr=76
SSE-AD-3733217,320d - 2010 BMW 320d Lifestyle E90 Auto,price,price,32000,-0.10,https://www.carsales.com.au/private/details/BMW-320d-2010/SSE-AD-3733217/?Cr=274
SSE-AD-3733217,320d - 2010 BMW 320d Lifestyle E90 Auto,milage,milage,78000,-0.10,https://www.carsales.com.au/private/details/BMW-320d-2010/SSE-AD-3733217/?Cr=274
SSE-AD-3733217,320d - 2010 BMW 320d Lifestyle E90 Auto,age,age,8,-0.10,https://www.carsales.com.au/private/details/BMW-320d-2010/SSE-AD-3733217/?Cr=274
OAG-AD-15503778,320d - 2017 BMW 320d M Sport F30 LCI Auto,price,price,68777,-0.14,https://www.carsales.com.au/dealer/details/BMW-320d-2017/OAG-AD-15503778/?Cr=67
OAG-AD-15503778,320d - 2017 BMW 320d M Sport F30 LCI Auto,milage,milage,966,-0.14,https://www.carsales.com.au/dealer/details/BMW-320d-2017/OAG-AD-15503778/?Cr=67
OAG-AD-15503778,320d - 2017 BMW 320d M Sport F30 LCI Auto,age,age,1,-0.14,https://www.carsales.com.au/dealer/details/BMW-320d-2017/OAG-AD-15503778/?Cr=67
SSE-AD-4111376,320d - 2010 BMW 320d E93 Auto,price,price,26900,-0.25,https://www.carsales.com.au/private/details/BMW-320d-2010/SSE-AD-4111376/?Cr=159
SSE-AD-4111376,320d - 2010 BMW 320d E93 Auto,milage,milage,99000,-0.25,https://www.carsales.com.au/private/details/BMW-320d-2010/SSE-AD-4111376/?Cr=159
SSE-AD-4111376,320d - 2010 BMW 320d E93 Auto,age,age,8,-0.25,https://www.carsales.com.au/private/details/BMW-320d-2010/SSE-AD-4111376/?Cr=159
OAG-AD-15370336,320d - 2017 BMW 320d M Sport F30 LCI Auto,price,price,68888,-0.30,https://www.carsales.com.au/demo/details/BMW-320d-2017/OAG-AD-15370336/?Cr=49
OAG-AD-15370336,320d - 2017 BMW 320d M Sport F30 LCI Auto,milage,milage,5288,-0.30,https://www.carsales.com.au/demo/details/BMW-320d-2017/OAG-AD-15370336/?Cr=49
OAG-AD-15370336,320d - 2017 BMW 320d M Sport F30 LCI Auto,age,age,1,-0.30,https://www.carsales.com.au/demo/details/BMW-320d-2017/OAG-AD-15370336/?Cr=49
OAG-AD-15554527,320d - 2013 BMW 320d F30 Auto,price,price,27990,-0.33,https://www.carsales.com.au/dealer/details/BMW-320d-2013/OAG-AD-15554527/?Cr=140
OAG-AD-15554527,320d - 2013 BMW 320d F30 Auto,milage,milage,115010,-0.33,https://www.carsales.com.au/dealer/details/BMW-320d-2013/OAG-AD-15554527/?Cr=140
OAG-AD-15554527,320d - 2013 BMW 320d F30 Auto,age,age,5,-0.33,https://www.carsales.com.au/dealer/details/BMW-320d-2013/OAG-AD-15554527/?Cr=140
OAG-AD-15628688,320d - 2017 BMW 320d M Sport F30 LCI Auto,price,price,69880,-0.36,https://www.carsales.com.au/demo/details/BMW-320d-2017/OAG-AD-15628688/?Cr=70
OAG-AD-15628688,320d - 2017 BMW 320d M Sport F30 LCI Auto,milage,milage,3840,-0.36,https://www.carsales.com.au/demo/details/BMW-320d-2017/OAG-AD-15628688/?Cr=70
OAG-AD-15628688,320d - 2017 BMW 320d M Sport F30 LCI Auto,age,age,1,-0.36,https://www.carsales.com.au/demo/details/BMW-320d-2017/OAG-AD-15628688/?Cr=70
SSE-AD-4341654,320d - 2007 BMW 320d Executive E90 Auto,price,price,10300,-0.41,https://www.carsales.com.au/private/details/BMW-320d-2007/SSE-AD-4341654/?Cr=238
SSE-AD-4341654,320d - 2007 BMW 320d Executive E90 Auto,milage,milage,140000,-0.41,https://www.carsales.com.au/private/details/BMW-320d-2007/SSE-AD-4341654/?Cr=238
SSE-AD-4341654,320d - 2007 BMW 320d Executive E90 Auto,age,age,11,-0.41,https://www.carsales.com.au/private/details/BMW-320d-2007/SSE-AD-4341654/?Cr=238
SHRM-AD-5782956,320d - 2018 BMW 320d Sport Line F30 LCI Auto,price,price,73346,-0.41,https://www.carsales.com.au/bnc/details/BMW-320d-2018/SHRM-AD-5782956/?Cr=279
SHRM-AD-5782956,320d - 2018 BMW 320d Sport Line F30 LCI Auto,milage,milage,0,-0.41,https://www.carsales.com.au/bnc/details/BMW-320d-2018/SHRM-AD-5782956/?Cr=279
SHRM-AD-5782956,320d - 2018 BMW 320d Sport Line F30 LCI Auto,age,age,0,-0.41,https://www.carsales.com.au/bnc/details/BMW-320d-2018/SHRM-AD-5782956/?Cr=279
SHRM-AD-5782975,320d - 2018 BMW 320d Sport Line F30 LCI Manual,price,price,73346,-0.41,https://www.carsales.com.au/bnc/details/BMW-320d-2018/SHRM-AD-5782975/?Cr=401
SHRM-AD-5782975,320d - 2018 BMW 320d Sport Line F30 LCI Manual,milage,milage,0,-0.41,https://www.carsales.com.au/bnc/details/BMW-320d-2018/SHRM-AD-5782975/?Cr=401
SHRM-AD-5782975,320d - 2018 BMW 320d Sport Line F30 LCI Manual,age,age,0,-0.41,https://www.carsales.com.au/bnc/details/BMW-320d-2018/SHRM-AD-5782975/?Cr=401
SHRM-AD-5782957,320d - 2018 BMW 320d Sport Line F30 LCI Auto,price,price,73346,-0.41,https://www.carsales.com.au/bnc/details/BMW-320d-2018/SHRM-AD-5782957/?Cr=278
SHRM-AD-5782957,320d - 2018 BMW 320d Sport Line F30 LCI Auto,milage,milage,0,-0.41,https://www.carsales.com.au/bnc/details/BMW-320d-2018/SHRM-AD-5782957/?Cr=278
SHRM-AD-5782957,320d - 2018 BMW 320d Sport Line F30 LCI Auto,age,age,0,-0.41,https://www.carsales.com.au/bnc/details/BMW-320d-2018/SHRM-AD-5782957/?Cr=278
SHRM-AD-5782961,320d - 2018 BMW 320d Sport Line F30 LCI Auto,price,price,73346,-0.41,https://www.carsales.com.au/bnc/details/BMW-320d-2018/SHRM-AD-5782961/?Cr=367
SHRM-AD-5782961,320d - 2018 BMW 320d Sport Line F30 LCI Auto,milage,milage,0,-0.41,https://www.carsales.com.au/bnc/details/BMW-320d-2018/SHRM-AD-5782961/?Cr=367
SHRM-AD-5782961,320d - 2018 BMW 320d Sport Line F30 LCI Auto,age,age,0,-0.41,https://www.carsales.com.au/bnc/details/BMW-320d-2018/SHRM-AD-5782961/?Cr=367
SHRM-AD-5782973,320d - 2018 BMW 320d Sport Line F30 LCI Manual,price,price,73346,-0.41,https://www.carsales.com.au/bnc/details/BMW-320d-2018/SHRM-AD-5782973/?Cr=322
SHRM-AD-5782973,320d - 2018 BMW 320d Sport Line F30 LCI Manual,milage,milage,0,-0.41,https://www.carsales.com.au/bnc/details/BMW-320d-2018/SHRM-AD-5782973/?Cr=322
SHRM-AD-5782973,320d - 2018 BMW 320d Sport Line F30 LCI Manual,age,age,0,-0.41,https://www.carsales.com.au/bnc/details/BMW-320d-2018/SHRM-AD-5782973/?Cr=322
SSE-AD-5153836,320d - 2013 BMW 320d E93 Auto,price,price,39999,-0.46,https://www.carsales.com.au/private/details/BMW-320d-2013/SSE-AD-5153836/?Cr=86
SSE-AD-5153836,320d - 2013 BMW 320d E93 Auto,milage,milage,80200,-0.46,https://www.carsales.com.au/private/details/BMW-320d-2013/SSE-AD-5153836/?Cr=86
SSE-AD-5153836,320d - 2013 BMW 320d E93 Auto,age,age,5,-0.46,https://www.carsales.com.au/private/details/BMW-320d-2013/SSE-AD-5153836/?Cr=86
OAG-AD-15086535,320d - 2009 BMW 320d Executive E90 Auto,price,price,12960,-0.46,https://www.carsales.com.au/dealer/details/BMW-320d-2009/OAG-AD-15086535/?Cr=186
OAG-AD-15086535,320d - 2009 BMW 320d Executive E90 Auto,milage,milage,144473,-0.46,https://www.carsales.com.au/dealer/details/BMW-320d-2009/OAG-AD-15086535/?Cr=186
OAG-AD-15086535,320d - 2009 BMW 320d Executive E90 Auto,age,age,9,-0.46,https://www.carsales.com.au/dealer/details/BMW-320d-2009/OAG-AD-15086535/?Cr=186
OAG-AD-15530678,320d - 2017 BMW 320d M Sport F30 LCI Auto,price,price,70888,-0.48,https://www.carsales.com.au/demo/details/BMW-320d-2017/OAG-AD-15530678/?Cr=481
OAG-AD-15530678,320d - 2017 BMW 320d M Sport F30 LCI Auto,milage,milage,4218,-0.48,https://www.carsales.com.au/demo/details/BMW-320d-2017/OAG-AD-15530678/?Cr=481
OAG-AD-15530678,320d - 2017 BMW 320d M Sport F30 LCI Auto,age,age,1,-0.48,https://www.carsales.com.au/demo/details/BMW-320d-2017/OAG-AD-15530678/?Cr=481
SSE-AD-4526607,320d - 2006 BMW 320d E90 Auto,price,price,12700,-0.55,https://www.carsales.com.au/private/details/BMW-320d-2006/SSE-AD-4526607/?Cr=257
SSE-AD-4526607,320d - 2006 BMW 320d E90 Auto,milage,milage,130500,-0.55,https://www.carsales.com.au/private/details/BMW-320d-2006/SSE-AD-4526607/?Cr=257
SSE-AD-4526607,320d - 2006 BMW 320d E90 Auto,age,age,12,-0.55,https://www.carsales.com.au/private/details/BMW-320d-2006/SSE-AD-4526607/?Cr=257
SHRM-AD-5782984,320d - 2018 BMW 320d Sport Line F30 LCI Manual,price,price,74836,-0.58,https://www.carsales.com.au/bnc/details/BMW-320d-2018/SHRM-AD-5782984/?Cr=448
SHRM-AD-5782984,320d - 2018 BMW 320d Sport Line F30 LCI Manual,milage,milage,0,-0.58,https://www.carsales.com.au/bnc/details/BMW-320d-2018/SHRM-AD-5782984/?Cr=448
SHRM-AD-5782984,320d - 2018 BMW 320d Sport Line F30 LCI Manual,age,age,0,-0.58,https://www.carsales.com.au/bnc/details/BMW-320d-2018/SHRM-AD-5782984/?Cr=448
SHRM-AD-5782962,320d - 2018 BMW 320d Sport Line F30 LCI Auto,price,price,74836,-0.58,https://www.carsales.com.au/bnc/details/BMW-320d-2018/SHRM-AD-5782962/?Cr=378
SHRM-AD-5782962,320d - 2018 BMW 320d Sport Line F30 LCI Auto,milage,milage,0,-0.58,https://www.carsales.com.au/bnc/details/BMW-320d-2018/SHRM-AD-5782962/?Cr=378
SHRM-AD-5782962,320d - 2018 BMW 320d Sport Line F30 LCI Auto,age,age,0,-0.58,https://www.carsales.com.au/bnc/details/BMW-320d-2018/SHRM-AD-5782962/?Cr=378
SHRM-AD-5782976,320d - 2018 BMW 320d Sport Line F30 LCI Manual,price,price,74836,-0.58,https://www.carsales.com.au/bnc/details/BMW-320d-2018/SHRM-AD-5782976/?Cr=432
SHRM-AD-5782976,320d - 2018 BMW 320d Sport Line F30 LCI Manual,milage,milage,0,-0.58,https://www.carsales.com.au/bnc/details/BMW-320d-2018/SHRM-AD-5782976/?Cr=432
SHRM-AD-5782976,320d - 2018 BMW 320d Sport Line F30 LCI Manual,age,age,0,-0.58,https://www.carsales.com.au/bnc/details/BMW-320d-2018/SHRM-AD-5782976/?Cr=432
SHRM-AD-5782982,320d - 2018 BMW 320d Sport Line F30 LCI Manual,price,price,74836,-0.58,https://www.carsales.com.au/bnc/details/BMW-320d-2018/SHRM-AD-5782982/?Cr=380
SHRM-AD-5782982,320d - 2018 BMW 320d Sport Line F30 LCI Manual,milage,milage,0,-0.58,https://www.carsales.com.au/bnc/details/BMW-320d-2018/SHRM-AD-5782982/?Cr=380
SHRM-AD-5782982,320d - 2018 BMW 320d Sport Line F30 LCI Manual,age,age,0,-0.58,https://www.carsales.com.au/bnc/details/BMW-320d-2018/SHRM-AD-5782982/?Cr=380
SHRM-AD-5782980,320d - 2018 BMW 320d Sport Line F30 LCI Manual,price,price,74836,-0.58,https://www.carsales.com.au/bnc/details/BMW-320d-2018/SHRM-AD-5782980/?Cr=376
SHRM-AD-5782980,320d - 2018 BMW 320d Sport Line F30 LCI Manual,milage,milage,0,-0.58,https://www.carsales.com.au/bnc/details/BMW-320d-2018/SHRM-AD-5782980/?Cr=376
SHRM-AD-5782980,320d - 2018 BMW 320d Sport Line F30 LCI Manual,age,age,0,-0.58,https://www.carsales.com.au/bnc/details/BMW-320d-2018/SHRM-AD-5782980/?Cr=376
SHRM-AD-5782966,320d - 2018 BMW 320d Sport Line F30 LCI Auto,price,price,74836,-0.58,https://www.carsales.com.au/bnc/details/BMW-320d-2018/SHRM-AD-5782966/?Cr=348
SHRM-AD-5782966,320d - 2018 BMW 320d Sport Line F30 LCI Auto,milage,milage,0,-0.58,https://www.carsales.com.au/bnc/details/BMW-320d-2018/SHRM-AD-5782966/?Cr=348
SHRM-AD-5782966,320d - 2018 BMW 320d Sport Line F30 LCI Auto,age,age,0,-0.58,https://www.carsales.com.au/bnc/details/BMW-320d-2018/SHRM-AD-5782966/?Cr=348
SHRM-AD-5782968,320d - 2018 BMW 320d Sport Line F30 LCI Auto,price,price,74836,-0.58,https://www.carsales.com.au/bnc/details/BMW-320d-2018/SHRM-AD-5782968/?Cr=318
SHRM-AD-5782968,320d - 2018 BMW 320d Sport Line F30 LCI Auto,milage,milage,0,-0.58,https://www.carsales.com.au/bnc/details/BMW-320d-2018/SHRM-AD-5782968/?Cr=318
SHRM-AD-5782968,320d - 2018 BMW 320d Sport Line F30 LCI Auto,age,age,0,-0.58,https://www.carsales.com.au/bnc/details/BMW-320d-2018/SHRM-AD-5782968/?Cr=318
SHRM-AD-5782970,320d - 2018 BMW 320d Sport Line F30 LCI Auto,price,price,74836,-0.58,https://www.carsales.com.au/bnc/details/BMW-320d-2018/SHRM-AD-5782970/?Cr=349
SHRM-AD-5782970,320d - 2018 BMW 320d Sport Line F30 LCI Auto,milage,milage,0,-0.58,https://www.carsales.com.au/bnc/details/BMW-320d-2018/SHRM-AD-5782970/?Cr=349
SHRM-AD-5782970,320d - 2018 BMW 320d Sport Line F30 LCI Auto,age,age,0,-0.58,https://www.carsales.com.au/bnc/details/BMW-320d-2018/SHRM-AD-5782970/?Cr=349
SHRM-AD-457709,320d - 2017 BMW 320d Sport Line F30 LCI Auto,price,price,73346,-0.61,https://www.carsales.com.au/bnc/details/BMW-320d-2017/SHRM-AD-457709/?Cr=354
SHRM-AD-457709,320d - 2017 BMW 320d Sport Line F30 LCI Auto,milage,milage,0,-0.61,https://www.carsales.com.au/bnc/details/BMW-320d-2017/SHRM-AD-457709/?Cr=354
SHRM-AD-457709,320d - 2017 BMW 320d Sport Line F30 LCI Auto,age,age,1,-0.61,https://www.carsales.com.au/bnc/details/BMW-320d-2017/SHRM-AD-457709/?Cr=354
SHRM-AD-457708,320d - 2017 BMW 320d Sport Line F30 LCI Manual,price,price,73346,-0.61,https://www.carsales.com.au/bnc/details/BMW-320d-2017/SHRM-AD-457708/?Cr=480
SHRM-AD-457708,320d - 2017 BMW 320d Sport Line F30 LCI Manual,milage,milage,0,-0.61,https://www.carsales.com.au/bnc/details/BMW-320d-2017/SHRM-AD-457708/?Cr=480
SHRM-AD-457708,320d - 2017 BMW 320d Sport Line F30 LCI Manual,age,age,1,-0.61,https://www.carsales.com.au/bnc/details/BMW-320d-2017/SHRM-AD-457708/?Cr=480
SHRM-AD-5782933,320d - 2018 BMW 320d Luxury Line F30 LCI Manual,price,price,75369,-0.64,https://www.carsales.com.au/bnc/details/BMW-320d-2018/SHRM-AD-5782933/?Cr=366
SHRM-AD-5782933,320d - 2018 BMW 320d Luxury Line F30 LCI Manual,milage,milage,0,-0.64,https://www.carsales.com.au/bnc/details/BMW-320d-2018/SHRM-AD-5782933/?Cr=366
SHRM-AD-5782933,320d - 2018 BMW 320d Luxury Line F30 LCI Manual,age,age,0,-0.64,https://www.carsales.com.au/bnc/details/BMW-320d-2018/SHRM-AD-5782933/?Cr=366
SHRM-AD-5782922,320d - 2018 BMW 320d Luxury Line F30 LCI Manual,price,price,75369,-0.64,https://www.carsales.com.au/bnc/details/BMW-320d-2018/SHRM-AD-5782922/?Cr=391
SHRM-AD-5782922,320d - 2018 BMW 320d Luxury Line F30 LCI Manual,milage,milage,0,-0.64,https://www.carsales.com.au/bnc/details/BMW-320d-2018/SHRM-AD-5782922/?Cr=391
SHRM-AD-5782922,320d - 2018 BMW 320d Luxury Line F30 LCI Manual,age,age,0,-0.64,https://www.carsales.com.au/bnc/details/BMW-320d-2018/SHRM-AD-5782922/?Cr=391
SHRM-AD-5782889,320d - 2018 BMW 320d Luxury Line F30 LCI Auto,price,price,75391,-0.64,https://www.carsales.com.au/bnc/details/BMW-320d-2018/SHRM-AD-5782889/?Cr=357
SHRM-AD-5782889,320d - 2018 BMW 320d Luxury Line F30 LCI Auto,milage,milage,0,-0.64,https://www.carsales.com.au/bnc/details/BMW-320d-2018/SHRM-AD-5782889/?Cr=357
SHRM-AD-5782889,320d - 2018 BMW 320d Luxury Line F30 LCI Auto,age,age,0,-0.64,https://www.carsales.com.au/bnc/details/BMW-320d-2018/SHRM-AD-5782889/?Cr=357
SHRM-AD-5782890,320d - 2018 BMW 320d Luxury Line F30 LCI Auto,price,price,75391,-0.64,https://www.carsales.com.au/bnc/details/BMW-320d-2018/SHRM-AD-5782890/?Cr=477
SHRM-AD-5782890,320d - 2018 BMW 320d Luxury Line F30 LCI Auto,milage,milage,0,-0.64,https://www.carsales.com.au/bnc/details/BMW-320d-2018/SHRM-AD-5782890/?Cr=477
SHRM-AD-5782890,320d - 2018 BMW 320d Luxury Line F30 LCI Auto,age,age,0,-0.64,https://www.carsales.com.au/bnc/details/BMW-320d-2018/SHRM-AD-5782890/?Cr=477
OAG-AD-15130549,320d - 2012 BMW 320d F30 Auto,price,price,21990,-0.68,https://www.carsales.com.au/dealer/details/BMW-320d-2012/OAG-AD-15130549/?Cr=121
OAG-AD-15130549,320d - 2012 BMW 320d F30 Auto,milage,milage,139120,-0.68,https://www.carsales.com.au/dealer/details/BMW-320d-2012/OAG-AD-15130549/?Cr=121
OAG-AD-15130549,320d - 2012 BMW 320d F30 Auto,age,age,6,-0.68,https://www.carsales.com.au/dealer/details/BMW-320d-2012/OAG-AD-15130549/?Cr=121
SSE-AD-5148103,320d - 2008 BMW 320d Executive E90 Auto,price,price,12690,-0.70,https://www.carsales.com.au/private/details/BMW-320d-2008/SSE-AD-5148103/?Cr=254
SSE-AD-5148103,320d - 2008 BMW 320d Executive E90 Auto,milage,milage,146583,-0.70,https://www.carsales.com.au/private/details/BMW-320d-2008/SSE-AD-5148103/?Cr=254
SSE-AD-5148103,320d - 2008 BMW 320d Executive E90 Auto,age,age,10,-0.70,https://www.carsales.com.au/private/details/BMW-320d-2008/SSE-AD-5148103/?Cr=254
SHRM-AD-5782978,320d - 2018 BMW 320d Sport Line F30 LCI Manual,price,price,76115,-0.72,https://www.carsales.com.au/bnc/details/BMW-320d-2018/SHRM-AD-5782978/?Cr=325
SHRM-AD-5782978,320d - 2018 BMW 320d Sport Line F30 LCI Manual,milage,milage,0,-0.72,https://www.carsales.com.au/bnc/details/BMW-320d-2018/SHRM-AD-5782978/?Cr=325
SHRM-AD-5782978,320d - 2018 BMW 320d Sport Line F30 LCI Manual,age,age,0,-0.72,https://www.carsales.com.au/bnc/details/BMW-320d-2018/SHRM-AD-5782978/?Cr=325
SHRM-AD-5782964,320d - 2018 BMW 320d Sport Line F30 LCI Auto,price,price,76115,-0.72,https://www.carsales.com.au/bnc/details/BMW-320d-2018/SHRM-AD-5782964/?Cr=464
SHRM-AD-5782964,320d - 2018 BMW 320d Sport Line F30 LCI Auto,milage,milage,0,-0.72,https://www.carsales.com.au/bnc/details/BMW-320d-2018/SHRM-AD-5782964/?Cr=464
SHRM-AD-5782964,320d - 2018 BMW 320d Sport Line F30 LCI Auto,age,age,0,-0.72,https://www.carsales.com.au/bnc/details/BMW-320d-2018/SHRM-AD-5782964/?Cr=464
SSE-AD-4872378,320d - 2010 BMW 320d Executive E90 Auto,price,price,16888,-0.73,https://www.carsales.com.au/private/details/BMW-320d-2010/SSE-AD-4872378/?Cr=266
SSE-AD-4872378,320d - 2010 BMW 320d Executive E90 Auto,milage,milage,145555,-0.73,https://www.carsales.com.au/private/details/BMW-320d-2010/SSE-AD-4872378/?Cr=266
SSE-AD-4872378,320d - 2010 BMW 320d Executive E90 Auto,age,age,8,-0.73,https://www.carsales.com.au/private/details/BMW-320d-2010/SSE-AD-4872378/?Cr=266
SHRM-AD-5782950,320d - 2018 BMW 320d Luxury Line F30 LCI Manual,price,price,76859,-0.80,https://www.carsales.com.au/bnc/details/BMW-320d-2018/SHRM-AD-5782950/?Cr=410
SHRM-AD-5782950,320d - 2018 BMW 320d Luxury Line F30 LCI Manual,milage,milage,0,-0.80,https://www.carsales.com.au/bnc/details/BMW-320d-2018/SHRM-AD-5782950/?Cr=410
SHRM-AD-5782950,320d - 2018 BMW 320d Luxury Line F30 LCI Manual,age,age,0,-0.80,https://www.carsales.com.au/bnc/details/BMW-320d-2018/SHRM-AD-5782950/?Cr=410
SHRM-AD-5782946,320d - 2018 BMW 320d Luxury Line F30 LCI Manual,price,price,76859,-0.80,https://www.carsales.com.au/bnc/details/BMW-320d-2018/SHRM-AD-5782946/?Cr=364
SHRM-AD-5782946,320d - 2018 BMW 320d Luxury Line F30 LCI Manual,milage,milage,0,-0.80,https://www.carsales.com.au/bnc/details/BMW-320d-2018/SHRM-AD-5782946/?Cr=364
SHRM-AD-5782946,320d - 2018 BMW 320d Luxury Line F30 LCI Manual,age,age,0,-0.80,https://www.carsales.com.au/bnc/details/BMW-320d-2018/SHRM-AD-5782946/?Cr=364
SHRM-AD-5782949,320d - 2018 BMW 320d Luxury Line F30 LCI Manual,price,price,76859,-0.80,https://www.carsales.com.au/bnc/details/BMW-320d-2018/SHRM-AD-5782949/?Cr=331
SHRM-AD-5782949,320d - 2018 BMW 320d Luxury Line F30 LCI Manual,milage,milage,0,-0.80,https://www.carsales.com.au/bnc/details/BMW-320d-2018/SHRM-AD-5782949/?Cr=331
SHRM-AD-5782949,320d - 2018 BMW 320d Luxury Line F30 LCI Manual,age,age,0,-0.80,https://www.carsales.com.au/bnc/details/BMW-320d-2018/SHRM-AD-5782949/?Cr=331
SHRM-AD-5782948,320d - 2018 BMW 320d Luxury Line F30 LCI Manual,price,price,76859,-0.80,https://www.carsales.com.au/bnc/details/BMW-320d-2018/SHRM-AD-5782948/?Cr=373
SHRM-AD-5782948,320d - 2018 BMW 320d Luxury Line F30 LCI Manual,milage,milage,0,-0.80,https://www.carsales.com.au/bnc/details/BMW-320d-2018/SHRM-AD-5782948/?Cr=373
SHRM-AD-5782948,320d - 2018 BMW 320d Luxury Line F30 LCI Manual,age,age,0,-0.80,https://www.carsales.com.au/bnc/details/BMW-320d-2018/SHRM-AD-5782948/?Cr=373
SHRM-AD-5782896,320d - 2018 BMW 320d Luxury Line F30 LCI Auto,price,price,76881,-0.80,https://www.carsales.com.au/bnc/details/BMW-320d-2018/SHRM-AD-5782896/?Cr=369
SHRM-AD-5782896,320d - 2018 BMW 320d Luxury Line F30 LCI Auto,milage,milage,0,-0.80,https://www.carsales.com.au/bnc/details/BMW-320d-2018/SHRM-AD-5782896/?Cr=369
SHRM-AD-5782896,320d - 2018 BMW 320d Luxury Line F30 LCI Auto,age,age,0,-0.80,https://www.carsales.com.au/bnc/details/BMW-320d-2018/SHRM-AD-5782896/?Cr=369
SHRM-AD-5782895,320d - 2018 BMW 320d Luxury Line F30 LCI Auto,price,price,76881,-0.80,https://www.carsales.com.au/bnc/details/BMW-320d-2018/SHRM-AD-5782895/?Cr=343
SHRM-AD-5782895,320d - 2018 BMW 320d Luxury Line F30 LCI Auto,milage,milage,0,-0.80,https://www.carsales.com.au/bnc/details/BMW-320d-2018/SHRM-AD-5782895/?Cr=343
SHRM-AD-5782895,320d - 2018 BMW 320d Luxury Line F30 LCI Auto,age,age,0,-0.80,https://www.carsales.com.au/bnc/details/BMW-320d-2018/SHRM-AD-5782895/?Cr=343
SHRM-AD-5782893,320d - 2018 BMW 320d Luxury Line F30 LCI Auto,price,price,76881,-0.80,https://www.carsales.com.au/bnc/details/BMW-320d-2018/SHRM-AD-5782893/?Cr=468
SHRM-AD-5782893,320d - 2018 BMW 320d Luxury Line F30 LCI Auto,milage,milage,0,-0.80,https://www.carsales.com.au/bnc/details/BMW-320d-2018/SHRM-AD-5782893/?Cr=468
SHRM-AD-5782893,320d - 2018 BMW 320d Luxury Line F30 LCI Auto,age,age,0,-0.80,https://www.carsales.com.au/bnc/details/BMW-320d-2018/SHRM-AD-5782893/?Cr=468
SHRM-AD-5782897,320d - 2018 BMW 320d Luxury Line F30 LCI Auto,price,price,76881,-0.80,https://www.carsales.com.au/bnc/details/BMW-320d-2018/SHRM-AD-5782897/?Cr=456
SHRM-AD-5782897,320d - 2018 BMW 320d Luxury Line F30 LCI Auto,milage,milage,0,-0.80,https://www.carsales.com.au/bnc/details/BMW-320d-2018/SHRM-AD-5782897/?Cr=456
SHRM-AD-5782897,320d - 2018 BMW 320d Luxury Line F30 LCI Auto,age,age,0,-0.80,https://www.carsales.com.au/bnc/details/BMW-320d-2018/SHRM-AD-5782897/?Cr=456
SHRM-AD-457710,320d - 2017 BMW 320d Luxury Line F30 LCI Manual,price,price,75369,-0.83,https://www.carsales.com.au/bnc/details/BMW-320d-2017/SHRM-AD-457710/?Cr=465
SHRM-AD-457710,320d - 2017 BMW 320d Luxury Line F30 LCI Manual,milage,milage,0,-0.83,https://www.carsales.com.au/bnc/details/BMW-320d-2017/SHRM-AD-457710/?Cr=465
SHRM-AD-457710,320d - 2017 BMW 320d Luxury Line F30 LCI Manual,age,age,1,-0.83,https://www.carsales.com.au/bnc/details/BMW-320d-2017/SHRM-AD-457710/?Cr=465
SHRM-AD-457711,320d - 2017 BMW 320d Luxury Line F30 LCI Auto,price,price,75391,-0.83,https://www.carsales.com.au/bnc/details/BMW-320d-2017/SHRM-AD-457711/?Cr=430
SHRM-AD-457711,320d - 2017 BMW 320d Luxury Line F30 LCI Auto,milage,milage,0,-0.83,https://www.carsales.com.au/bnc/details/BMW-320d-2017/SHRM-AD-457711/?Cr=430
SHRM-AD-457711,320d - 2017 BMW 320d Luxury Line F30 LCI Auto,age,age,1,-0.83,https://www.carsales.com.au/bnc/details/BMW-320d-2017/SHRM-AD-457711/?Cr=430
SHRM-AD-5782888,320d - 2018 BMW 320d M Sport F30 LCI Manual,price,price,77773,-0.90,https://www.carsales.com.au/bnc/details/BMW-320d-2018/SHRM-AD-5782888/?Cr=434
SHRM-AD-5782888,320d - 2018 BMW 320d M Sport F30 LCI Manual,milage,milage,0,-0.90,https://www.carsales.com.au/bnc/details/BMW-320d-2018/SHRM-AD-5782888/?Cr=434
SHRM-AD-5782888,320d - 2018 BMW 320d M Sport F30 LCI Manual,age,age,0,-0.90,https://www.carsales.com.au/bnc/details/BMW-320d-2018/SHRM-AD-5782888/?Cr=434
SHRM-AD-5782876,320d - 2018 BMW 320d M Sport F30 LCI Auto,price,price,77794,-0.90,https://www.carsales.com.au/bnc/details/BMW-320d-2018/SHRM-AD-5782876/?Cr=462
SHRM-AD-5782876,320d - 2018 BMW 320d M Sport F30 LCI Auto,milage,milage,0,-0.90,https://www.carsales.com.au/bnc/details/BMW-320d-2018/SHRM-AD-5782876/?Cr=462
SHRM-AD-5782876,320d - 2018 BMW 320d M Sport F30 LCI Auto,age,age,0,-0.90,https://www.carsales.com.au/bnc/details/BMW-320d-2018/SHRM-AD-5782876/?Cr=462
SSE-AD-5236845,320d - 2009 BMW 320d E93 Auto,price,price,26500,-0.90,https://www.carsales.com.au/private/details/BMW-320d-2009/SSE-AD-5236845/?Cr=241
SSE-AD-5236845,320d - 2009 BMW 320d E93 Auto,milage,milage,113686,-0.90,https://www.carsales.com.au/private/details/BMW-320d-2009/SSE-AD-5236845/?Cr=241
SSE-AD-5236845,320d - 2009 BMW 320d E93 Auto,age,age,9,-0.90,https://www.carsales.com.au/private/details/BMW-320d-2009/SSE-AD-5236845/?Cr=241
OAG-AD-15530676,320d - 2016 BMW 320d Luxury Line F30 LCI Auto,price,price,72888,-0.90,https://www.carsales.com.au/demo/details/BMW-320d-2016/OAG-AD-15530676/?Cr=183
OAG-AD-15530676,320d - 2016 BMW 320d Luxury Line F30 LCI Auto,milage,milage,4418,-0.90,https://www.carsales.com.au/demo/details/BMW-320d-2016/OAG-AD-15530676/?Cr=183
OAG-AD-15530676,320d - 2016 BMW 320d Luxury Line F30 LCI Auto,age,age,2,-0.90,https://www.carsales.com.au/demo/details/BMW-320d-2016/OAG-AD-15530676/?Cr=183
SHRM-AD-5782942,320d - 2018 BMW 320d Luxury Line F30 LCI Manual,price,price,78138,-0.94,https://www.carsales.com.au/bnc/details/BMW-320d-2018/SHRM-AD-5782942/?Cr=478
SHRM-AD-5782942,320d - 2018 BMW 320d Luxury Line F30 LCI Manual,milage,milage,0,-0.94,https://www.carsales.com.au/bnc/details/BMW-320d-2018/SHRM-AD-5782942/?Cr=478
SHRM-AD-5782942,320d - 2018 BMW 320d Luxury Line F30 LCI Manual,age,age,0,-0.94,https://www.carsales.com.au/bnc/details/BMW-320d-2018/SHRM-AD-5782942/?Cr=478
SHRM-AD-5782891,320d - 2018 BMW 320d Luxury Line F30 LCI Auto,price,price,78160,-0.94,https://www.carsales.com.au/bnc/details/BMW-320d-2018/SHRM-AD-5782891/?Cr=494
SHRM-AD-5782891,320d - 2018 BMW 320d Luxury Line F30 LCI Auto,milage,milage,0,-0.94,https://www.carsales.com.au/bnc/details/BMW-320d-2018/SHRM-AD-5782891/?Cr=494
SHRM-AD-5782891,320d - 2018 BMW 320d Luxury Line F30 LCI Auto,age,age,0,-0.94,https://www.carsales.com.au/bnc/details/BMW-320d-2018/SHRM-AD-5782891/?Cr=494
OAG-AD-14409880,320d - 2008 BMW 320d Executive E90 Auto,price,price,14100,-0.94,https://www.carsales.com.au/dealer/details/BMW-320d-2008/OAG-AD-14409880/?Cr=124
OAG-AD-14409880,320d - 2008 BMW 320d Executive E90 Auto,milage,milage,149267,-0.94,https://www.carsales.com.au/dealer/details/BMW-320d-2008/OAG-AD-14409880/?Cr=124
OAG-AD-14409880,320d - 2008 BMW 320d Executive E90 Auto,age,age,10,-0.94,https://www.carsales.com.au/dealer/details/BMW-320d-2008/OAG-AD-14409880/?Cr=124
OAG-AD-15594001,320d - 2008 BMW 320d E90 Auto,price,price,14990,-0.95,https://www.carsales.com.au/dealer/details/BMW-320d-2008/OAG-AD-15594001/?Cr=185
OAG-AD-15594001,320d - 2008 BMW 320d E90 Auto,milage,milage,146500,-0.95,https://www.carsales.com.au/dealer/details/BMW-320d-2008/OAG-AD-15594001/?Cr=185
OAG-AD-15594001,320d - 2008 BMW 320d E90 Auto,age,age,10,-0.95,https://www.carsales.com.au/dealer/details/BMW-320d-2008/OAG-AD-15594001/?Cr=185
SSE-AD-5153865,320d - 2009 BMW 320d Executive E90 Auto,price,price,15900,-1.00,https://www.carsales.com.au/private/details/BMW-320d-2009/SSE-AD-5153865/?Cr=250
SSE-AD-5153865,320d - 2009 BMW 320d Executive E90 Auto,milage,milage,151000,-1.00,https://www.carsales.com.au/private/details/BMW-320d-2009/SSE-AD-5153865/?Cr=250
SSE-AD-5153865,320d - 2009 BMW 320d Executive E90 Auto,age,age,9,-1.00,https://www.carsales.com.au/private/details/BMW-320d-2009/SSE-AD-5153865/?Cr=250
SHRM-AD-5782882,320d - 2018 BMW 320d M Sport F30 LCI Manual,price,price,79263,-1.06,https://www.carsales.com.au/bnc/details/BMW-320d-2018/SHRM-AD-5782882/?Cr=443
SHRM-AD-5782882,320d - 2018 BMW 320d M Sport F30 LCI Manual,milage,milage,0,-1.06,https://www.carsales.com.au/bnc/details/BMW-320d-2018/SHRM-AD-5782882/?Cr=443
SHRM-AD-5782882,320d - 2018 BMW 320d M Sport F30 LCI Manual,age,age,0,-1.06,https://www.carsales.com.au/bnc/details/BMW-320d-2018/SHRM-AD-5782882/?Cr=443
SHRM-AD-5782877,320d - 2018 BMW 320d M Sport F30 LCI Manual,price,price,79263,-1.06,https://www.carsales.com.au/bnc/details/BMW-320d-2018/SHRM-AD-5782877/?Cr=439
SHRM-AD-5782877,320d - 2018 BMW 320d M Sport F30 LCI Manual,milage,milage,0,-1.06,https://www.carsales.com.au/bnc/details/BMW-320d-2018/SHRM-AD-5782877/?Cr=439
SHRM-AD-5782877,320d - 2018 BMW 320d M Sport F30 LCI Manual,age,age,0,-1.06,https://www.carsales.com.au/bnc/details/BMW-320d-2018/SHRM-AD-5782877/?Cr=439
SHRM-AD-5782883,320d - 2018 BMW 320d M Sport F30 LCI Manual,price,price,79263,-1.06,https://www.carsales.com.au/bnc/details/BMW-320d-2018/SHRM-AD-5782883/?Cr=418
SHRM-AD-5782883,320d - 2018 BMW 320d M Sport F30 LCI Manual,milage,milage,0,-1.06,https://www.carsales.com.au/bnc/details/BMW-320d-2018/SHRM-AD-5782883/?Cr=418
SHRM-AD-5782883,320d - 2018 BMW 320d M Sport F30 LCI Manual,age,age,0,-1.06,https://www.carsales.com.au/bnc/details/BMW-320d-2018/SHRM-AD-5782883/?Cr=418
SHRM-AD-5782880,320d - 2018 BMW 320d M Sport F30 LCI Manual,price,price,79263,-1.06,https://www.carsales.com.au/bnc/details/BMW-320d-2018/SHRM-AD-5782880/?Cr=425
SHRM-AD-5782880,320d - 2018 BMW 320d M Sport F30 LCI Manual,milage,milage,0,-1.06,https://www.carsales.com.au/bnc/details/BMW-320d-2018/SHRM-AD-5782880/?Cr=425
SHRM-AD-5782880,320d - 2018 BMW 320d M Sport F30 LCI Manual,age,age,0,-1.06,https://www.carsales.com.au/bnc/details/BMW-320d-2018/SHRM-AD-5782880/?Cr=425
SHRM-AD-5782881,320d - 2018 BMW 320d M Sport F30 LCI Manual,price,price,79263,-1.06,https://www.carsales.com.au/bnc/details/BMW-320d-2018/SHRM-AD-5782881/?Cr=426
SHRM-AD-5782881,320d - 2018 BMW 320d M Sport F30 LCI Manual,milage,milage,0,-1.06,https://www.carsales.com.au/bnc/details/BMW-320d-2018/SHRM-AD-5782881/?Cr=426
SHRM-AD-5782881,320d - 2018 BMW 320d M Sport F30 LCI Manual,age,age,0,-1.06,https://www.carsales.com.au/bnc/details/BMW-320d-2018/SHRM-AD-5782881/?Cr=426
SHRM-AD-5782887,320d - 2018 BMW 320d M Sport F30 LCI Manual,price,price,79263,-1.06,https://www.carsales.com.au/bnc/details/BMW-320d-2018/SHRM-AD-5782887/?Cr=405
SHRM-AD-5782887,320d - 2018 BMW 320d M Sport F30 LCI Manual,milage,milage,0,-1.06,https://www.carsales.com.au/bnc/details/BMW-320d-2018/SHRM-AD-5782887/?Cr=405
SHRM-AD-5782887,320d - 2018 BMW 320d M Sport F30 LCI Manual,age,age,0,-1.06,https://www.carsales.com.au/bnc/details/BMW-320d-2018/SHRM-AD-5782887/?Cr=405
SHRM-AD-5782870,320d - 2018 BMW 320d M Sport F30 LCI Auto,price,price,79284,-1.06,https://www.carsales.com.au/bnc/details/BMW-320d-2018/SHRM-AD-5782870/?Cr=360
SHRM-AD-5782870,320d - 2018 BMW 320d M Sport F30 LCI Auto,milage,milage,0,-1.06,https://www.carsales.com.au/bnc/details/BMW-320d-2018/SHRM-AD-5782870/?Cr=360
SHRM-AD-5782870,320d - 2018 BMW 320d M Sport F30 LCI Auto,age,age,0,-1.06,https://www.carsales.com.au/bnc/details/BMW-320d-2018/SHRM-AD-5782870/?Cr=360
SHRM-AD-5782863,320d - 2018 BMW 320d M Sport F30 LCI Auto,price,price,79284,-1.06,https://www.carsales.com.au/bnc/details/BMW-320d-2018/SHRM-AD-5782863/?Cr=352
SHRM-AD-5782863,320d - 2018 BMW 320d M Sport F30 LCI Auto,milage,milage,0,-1.06,https://www.carsales.com.au/bnc/details/BMW-320d-2018/SHRM-AD-5782863/?Cr=352
SHRM-AD-5782863,320d - 2018 BMW 320d M Sport F30 LCI Auto,age,age,0,-1.06,https://www.carsales.com.au/bnc/details/BMW-320d-2018/SHRM-AD-5782863/?Cr=352
SHRM-AD-5784068,320d - 2018 BMW 320d M Sport F30 LCI Auto,price,price,79284,-1.06,https://www.carsales.com.au/bnc/details/BMW-320d-2018/SHRM-AD-5784068/?Cr=363
SHRM-AD-5784068,320d - 2018 BMW 320d M Sport F30 LCI Auto,milage,milage,0,-1.06,https://www.carsales.com.au/bnc/details/BMW-320d-2018/SHRM-AD-5784068/?Cr=363
SHRM-AD-5784068,320d - 2018 BMW 320d M Sport F30 LCI Auto,age,age,0,-1.06,https://www.carsales.com.au/bnc/details/BMW-320d-2018/SHRM-AD-5784068/?Cr=363
SHRM-AD-5782868,320d - 2018 BMW 320d M Sport F30 LCI Auto,price,price,79284,-1.06,https://www.carsales.com.au/bnc/details/BMW-320d-2018/SHRM-AD-5782868/?Cr=390
SHRM-AD-5782868,320d - 2018 BMW 320d M Sport F30 LCI Auto,milage,milage,0,-1.06,https://www.carsales.com.au/bnc/details/BMW-320d-2018/SHRM-AD-5782868/?Cr=390
SHRM-AD-5782868,320d - 2018 BMW 320d M Sport F30 LCI Auto,age,age,0,-1.06,https://www.carsales.com.au/bnc/details/BMW-320d-2018/SHRM-AD-5782868/?Cr=390
SHRM-AD-5782865,320d - 2018 BMW 320d M Sport F30 LCI Auto,price,price,79284,-1.06,https://www.carsales.com.au/bnc/details/BMW-320d-2018/SHRM-AD-5782865/?Cr=454
SHRM-AD-5782865,320d - 2018 BMW 320d M Sport F30 LCI Auto,milage,milage,0,-1.06,https://www.carsales.com.au/bnc/details/BMW-320d-2018/SHRM-AD-5782865/?Cr=454
SHRM-AD-5782865,320d - 2018 BMW 320d M Sport F30 LCI Auto,age,age,0,-1.06,https://www.carsales.com.au/bnc/details/BMW-320d-2018/SHRM-AD-5782865/?Cr=454
SHRM-AD-5782869,320d - 2018 BMW 320d M Sport F30 LCI Auto,price,price,79284,-1.06,https://www.carsales.com.au/bnc/details/BMW-320d-2018/SHRM-AD-5782869/?Cr=442
SHRM-AD-5782869,320d - 2018 BMW 320d M Sport F30 LCI Auto,milage,milage,0,-1.06,https://www.carsales.com.au/bnc/details/BMW-320d-2018/SHRM-AD-5782869/?Cr=442
SHRM-AD-5782869,320d - 2018 BMW 320d M Sport F30 LCI Auto,age,age,0,-1.06,https://www.carsales.com.au/bnc/details/BMW-320d-2018/SHRM-AD-5782869/?Cr=442
SHRM-AD-5783558,320d - 2018 BMW 320d M Sport F30 LCI Auto,price,price,79284,-1.06,https://www.carsales.com.au/bnc/details/BMW-320d-2018/SHRM-AD-5783558/?Cr=417
SHRM-AD-5783558,320d - 2018 BMW 320d M Sport F30 LCI Auto,milage,milage,0,-1.06,https://www.carsales.com.au/bnc/details/BMW-320d-2018/SHRM-AD-5783558/?Cr=417
SHRM-AD-5783558,320d - 2018 BMW 320d M Sport F30 LCI Auto,age,age,0,-1.06,https://www.carsales.com.au/bnc/details/BMW-320d-2018/SHRM-AD-5783558/?Cr=417
SHRM-AD-5782864,320d - 2018 BMW 320d M Sport F30 LCI Auto,price,price,79284,-1.06,https://www.carsales.com.au/bnc/details/BMW-320d-2018/SHRM-AD-5782864/?Cr=308
SHRM-AD-5782864,320d - 2018 BMW 320d M Sport F30 LCI Auto,milage,milage,0,-1.06,https://www.carsales.com.au/bnc/details/BMW-320d-2018/SHRM-AD-5782864/?Cr=308
SHRM-AD-5782864,320d - 2018 BMW 320d M Sport F30 LCI Auto,age,age,0,-1.06,https://www.carsales.com.au/bnc/details/BMW-320d-2018/SHRM-AD-5782864/?Cr=308
SHRM-AD-5783557,320d - 2018 BMW 320d M Sport F30 LCI Auto,price,price,79284,-1.06,https://www.carsales.com.au/bnc/details/BMW-320d-2018/SHRM-AD-5783557/?Cr=356
SHRM-AD-5783557,320d - 2018 BMW 320d M Sport F30 LCI Auto,milage,milage,0,-1.06,https://www.carsales.com.au/bnc/details/BMW-320d-2018/SHRM-AD-5783557/?Cr=356
SHRM-AD-5783557,320d - 2018 BMW 320d M Sport F30 LCI Auto,age,age,0,-1.06,https://www.carsales.com.au/bnc/details/BMW-320d-2018/SHRM-AD-5783557/?Cr=356
SHRM-AD-457712,320d - 2017 BMW 320d M Sport F30 LCI Manual,price,price,77773,-1.09,https://www.carsales.com.au/bnc/details/BMW-320d-2017/SHRM-AD-457712/?Cr=490
SHRM-AD-457712,320d - 2017 BMW 320d M Sport F30 LCI Manual,milage,milage,0,-1.09,https://www.carsales.com.au/bnc/details/BMW-320d-2017/SHRM-AD-457712/?Cr=490
SHRM-AD-457712,320d - 2017 BMW 320d M Sport F30 LCI Manual,age,age,1,-1.09,https://www.carsales.com.au/bnc/details/BMW-320d-2017/SHRM-AD-457712/?Cr=490
SHRM-AD-457713,320d - 2017 BMW 320d M Sport F30 LCI Auto,price,price,77794,-1.10,https://www.carsales.com.au/bnc/details/BMW-320d-2017/SHRM-AD-457713/?Cr=374
SHRM-AD-457713,320d - 2017 BMW 320d M Sport F30 LCI Auto,milage,milage,0,-1.10,https://www.carsales.com.au/bnc/details/BMW-320d-2017/SHRM-AD-457713/?Cr=374
SHRM-AD-457713,320d - 2017 BMW 320d M Sport F30 LCI Auto,age,age,1,-1.10,https://www.carsales.com.au/bnc/details/BMW-320d-2017/SHRM-AD-457713/?Cr=374
SHRM-AD-5782862,320d - 2018 BMW 320d Sport Line F34 LCI Auto,price,price,79886,-1.13,https://www.carsales.com.au/bnc/details/BMW-320d-2018/SHRM-AD-5782862/?Cr=355
SHRM-AD-5782862,320d - 2018 BMW 320d Sport Line F34 LCI Auto,milage,milage,0,-1.13,https://www.carsales.com.au/bnc/details/BMW-320d-2018/SHRM-AD-5782862/?Cr=355
SHRM-AD-5782862,320d - 2018 BMW 320d Sport Line F34 LCI Auto,age,age,0,-1.13,https://www.carsales.com.au/bnc/details/BMW-320d-2018/SHRM-AD-5782862/?Cr=355
SHRM-AD-5782885,320d - 2018 BMW 320d M Sport F30 LCI Manual,price,price,80542,-1.20,https://www.carsales.com.au/bnc/details/BMW-320d-2018/SHRM-AD-5782885/?Cr=398
SHRM-AD-5782885,320d - 2018 BMW 320d M Sport F30 LCI Manual,milage,milage,0,-1.20,https://www.carsales.com.au/bnc/details/BMW-320d-2018/SHRM-AD-5782885/?Cr=398
SHRM-AD-5782885,320d - 2018 BMW 320d M Sport F30 LCI Manual,age,age,0,-1.20,https://www.carsales.com.au/bnc/details/BMW-320d-2018/SHRM-AD-5782885/?Cr=398
OAG-AD-15384597,320d - 2010 BMW 320d E93 Auto,price,price,20990,-1.20,https://www.carsales.com.au/dealer/details/BMW-320d-2010/OAG-AD-15384597/?Cr=133
OAG-AD-15384597,320d - 2010 BMW 320d E93 Auto,milage,milage,146206,-1.20,https://www.carsales.com.au/dealer/details/BMW-320d-2010/OAG-AD-15384597/?Cr=133
OAG-AD-15384597,320d - 2010 BMW 320d E93 Auto,age,age,8,-1.20,https://www.carsales.com.au/dealer/details/BMW-320d-2010/OAG-AD-15384597/?Cr=133
SHRM-AD-5782873,320d - 2018 BMW 320d M Sport F30 LCI Auto,price,price,80563,-1.20,https://www.carsales.com.au/bnc/details/BMW-320d-2018/SHRM-AD-5782873/?Cr=423
SHRM-AD-5782873,320d - 2018 BMW 320d M Sport F30 LCI Auto,milage,milage,0,-1.20,https://www.carsales.com.au/bnc/details/BMW-320d-2018/SHRM-AD-5782873/?Cr=423
SHRM-AD-5782873,320d - 2018 BMW 320d M Sport F30 LCI Auto,age,age,0,-1.20,https://www.carsales.com.au/bnc/details/BMW-320d-2018/SHRM-AD-5782873/?Cr=423
SHRM-AD-5783454,320d - 2018 BMW 320d Luxury Line F34 LCI Auto,price,price,81192,-1.27,https://www.carsales.com.au/bnc/details/BMW-320d-2018/SHRM-AD-5783454/?Cr=347
SHRM-AD-5783454,320d - 2018 BMW 320d Luxury Line F34 LCI Auto,milage,milage,0,-1.27,https://www.carsales.com.au/bnc/details/BMW-320d-2018/SHRM-AD-5783454/?Cr=347
SHRM-AD-5783454,320d - 2018 BMW 320d Luxury Line F34 LCI Auto,age,age,0,-1.27,https://www.carsales.com.au/bnc/details/BMW-320d-2018/SHRM-AD-5783454/?Cr=347
SHRM-AD-5782861,320d - 2018 BMW 320d Sport Line F34 LCI Auto,price,price,81376,-1.29,https://www.carsales.com.au/bnc/details/BMW-320d-2018/SHRM-AD-5782861/?Cr=487
SHRM-AD-5782861,320d - 2018 BMW 320d Sport Line F34 LCI Auto,milage,milage,0,-1.29,https://www.carsales.com.au/bnc/details/BMW-320d-2018/SHRM-AD-5782861/?Cr=487
SHRM-AD-5782861,320d - 2018 BMW 320d Sport Line F34 LCI Auto,age,age,0,-1.29,https://www.carsales.com.au/bnc/details/BMW-320d-2018/SHRM-AD-5782861/?Cr=487
SHRM-AD-457714,320d - 2017 BMW 320d Sport Line F34 LCI Auto,price,price,79886,-1.32,https://www.carsales.com.au/bnc/details/BMW-320d-2017/SHRM-AD-457714/?Cr=485
SHRM-AD-457714,320d - 2017 BMW 320d Sport Line F34 LCI Auto,milage,milage,0,-1.32,https://www.carsales.com.au/bnc/details/BMW-320d-2017/SHRM-AD-457714/?Cr=485
SHRM-AD-457714,320d - 2017 BMW 320d Sport Line F34 LCI Auto,age,age,1,-1.32,https://www.carsales.com.au/bnc/details/BMW-320d-2017/SHRM-AD-457714/?Cr=485
SSE-AD-5122489,320d - 2011 BMW 320d Lifestyle E91 Auto,price,price,19850,-1.33,https://www.carsales.com.au/private/details/BMW-320d-2011/SSE-AD-5122489/?Cr=150
SSE-AD-5122489,320d - 2011 BMW 320d Lifestyle E91 Auto,milage,milage,159600,-1.33,https://www.carsales.com.au/private/details/BMW-320d-2011/SSE-AD-5122489/?Cr=150
SSE-AD-5122489,320d - 2011 BMW 320d Lifestyle E91 Auto,age,age,7,-1.33,https://www.carsales.com.au/private/details/BMW-320d-2011/SSE-AD-5122489/?Cr=150
SHRM-AD-5783453,320d - 2018 BMW 320d Luxury Line F34 LCI Auto,price,price,82682,-1.43,https://www.carsales.com.au/bnc/details/BMW-320d-2018/SHRM-AD-5783453/?Cr=411
SHRM-AD-5783453,320d - 2018 BMW 320d Luxury Line F34 LCI Auto,milage,milage,0,-1.43,https://www.carsales.com.au/bnc/details/BMW-320d-2018/SHRM-AD-5783453/?Cr=411
SHRM-AD-5783453,320d - 2018 BMW 320d Luxury Line F34 LCI Auto,age,age,0,-1.43,https://www.carsales.com.au/bnc/details/BMW-320d-2018/SHRM-AD-5783453/?Cr=411
SHRM-AD-457715,320d - 2017 BMW 320d Luxury Line F34 LCI Auto,price,price,81192,-1.47,https://www.carsales.com.au/bnc/details/BMW-320d-2017/SHRM-AD-457715/?Cr=453
SHRM-AD-457715,320d - 2017 BMW 320d Luxury Line F34 LCI Auto,milage,milage,0,-1.47,https://www.carsales.com.au/bnc/details/BMW-320d-2017/SHRM-AD-457715/?Cr=453
SHRM-AD-457715,320d - 2017 BMW 320d Luxury Line F34 LCI Auto,age,age,1,-1.47,https://www.carsales.com.au/bnc/details/BMW-320d-2017/SHRM-AD-457715/?Cr=453
SSE-AD-4874604,320d - 2011 BMW 320d E92 Manual,price,price,15000,-1.56,https://www.carsales.com.au/private/details/BMW-320d-2011/SSE-AD-4874604/?Cr=227
SSE-AD-4874604,320d - 2011 BMW 320d E92 Manual,milage,milage,182000,-1.56,https://www.carsales.com.au/private/details/BMW-320d-2011/SSE-AD-4874604/?Cr=227
SSE-AD-4874604,320d - 2011 BMW 320d E92 Manual,age,age,7,-1.56,https://www.carsales.com.au/private/details/BMW-320d-2011/SSE-AD-4874604/?Cr=227
SHRM-AD-5783450,320d - 2018 BMW 320d M Sport F34 LCI Auto,price,price,85280,-1.72,https://www.carsales.com.au/bnc/details/BMW-320d-2018/SHRM-AD-5783450/?Cr=310
SHRM-AD-5783450,320d - 2018 BMW 320d M Sport F34 LCI Auto,milage,milage,0,-1.72,https://www.carsales.com.au/bnc/details/BMW-320d-2018/SHRM-AD-5783450/?Cr=310
SHRM-AD-5783450,320d - 2018 BMW 320d M Sport F34 LCI Auto,age,age,0,-1.72,https://www.carsales.com.au/bnc/details/BMW-320d-2018/SHRM-AD-5783450/?Cr=310
SHRM-AD-5783449,320d - 2018 BMW 320d M Sport F34 LCI Auto,price,price,85280,-1.72,https://www.carsales.com.au/bnc/details/BMW-320d-2018/SHRM-AD-5783449/?Cr=316
SHRM-AD-5783449,320d - 2018 BMW 320d M Sport F34 LCI Auto,milage,milage,0,-1.72,https://www.carsales.com.au/bnc/details/BMW-320d-2018/SHRM-AD-5783449/?Cr=316
SHRM-AD-5783449,320d - 2018 BMW 320d M Sport F34 LCI Auto,age,age,0,-1.72,https://www.carsales.com.au/bnc/details/BMW-320d-2018/SHRM-AD-5783449/?Cr=316
SHRM-AD-5783452,320d - 2018 BMW 320d M Sport F34 LCI Auto,price,price,85280,-1.72,https://www.carsales.com.au/bnc/details/BMW-320d-2018/SHRM-AD-5783452/?Cr=342
SHRM-AD-5783452,320d - 2018 BMW 320d M Sport F34 LCI Auto,milage,milage,0,-1.72,https://www.carsales.com.au/bnc/details/BMW-320d-2018/SHRM-AD-5783452/?Cr=342
SHRM-AD-5783452,320d - 2018 BMW 320d M Sport F34 LCI Auto,age,age,0,-1.72,https://www.carsales.com.au/bnc/details/BMW-320d-2018/SHRM-AD-5783452/?Cr=342
SHRM-AD-5783451,320d - 2018 BMW 320d M Sport F34 LCI Auto,price,price,86770,-1.88,https://www.carsales.com.au/bnc/details/BMW-320d-2018/SHRM-AD-5783451/?Cr=498
SHRM-AD-5783451,320d - 2018 BMW 320d M Sport F34 LCI Auto,milage,milage,0,-1.88,https://www.carsales.com.au/bnc/details/BMW-320d-2018/SHRM-AD-5783451/?Cr=498
SHRM-AD-5783451,320d - 2018 BMW 320d M Sport F34 LCI Auto,age,age,0,-1.88,https://www.carsales.com.au/bnc/details/BMW-320d-2018/SHRM-AD-5783451/?Cr=498
SHRM-AD-457716,320d - 2017 BMW 320d M Sport F34 LCI Auto,price,price,85280,-1.91,https://www.carsales.com.au/bnc/details/BMW-320d-2017/SHRM-AD-457716/?Cr=397
SHRM-AD-457716,320d - 2017 BMW 320d M Sport F34 LCI Auto,milage,milage,0,-1.91,https://www.carsales.com.au/bnc/details/BMW-320d-2017/SHRM-AD-457716/?Cr=397
SHRM-AD-457716,320d - 2017 BMW 320d M Sport F34 LCI Auto,age,age,1,-1.91,https://www.carsales.com.au/bnc/details/BMW-320d-2017/SHRM-AD-457716/?Cr=397
OAG-AD-14789919,320d - 2006 BMW 320d Executive E90 Auto,price,price,13190,-1.92,https://www.carsales.com.au/dealer/details/BMW-320d-2006/OAG-AD-14789919/?Cr=148
OAG-AD-14789919,320d - 2006 BMW 320d Executive E90 Auto,milage,milage,169357,-1.92,https://www.carsales.com.au/dealer/details/BMW-320d-2006/OAG-AD-14789919/?Cr=148
OAG-AD-14789919,320d - 2006 BMW 320d Executive E90 Auto,age,age,12,-1.92,https://www.carsales.com.au/dealer/details/BMW-320d-2006/OAG-AD-14789919/?Cr=148
SSE-AD-5167731,320d - 2006 BMW 320d Executive E90 Auto,price,price,7800,-2.74,https://www.carsales.com.au/private/details/BMW-320d-2006/SSE-AD-5167731/?Cr=313
SSE-AD-5167731,320d - 2006 BMW 320d Executive E90 Auto,milage,milage,211053,-2.74,https://www.carsales.com.au/private/details/BMW-320d-2006/SSE-AD-5167731/?Cr=313
SSE-AD-5167731,320d - 2006 BMW 320d Executive E90 Auto,age,age,12,-2.74,https://www.carsales.com.au/private/details/BMW-320d-2006/SSE-AD-5167731/?Cr=313
SSE-AD-4990183,320d - 2007 BMW 320d Executive E90 Auto,price,price,8000,-2.86,https://www.carsales.com.au/private/details/BMW-320d-2007/SSE-AD-4990183/?Cr=217
SSE-AD-4990183,320d - 2007 BMW 320d Executive E90 Auto,milage,milage,220000,-2.86,https://www.carsales.com.au/private/details/BMW-320d-2007/SSE-AD-4990183/?Cr=217
SSE-AD-4990183,320d - 2007 BMW 320d Executive E90 Auto,age,age,11,-2.86,https://www.carsales.com.au/private/details/BMW-320d-2007/SSE-AD-4990183/?Cr=217
SSE-AD-4011241,320d - 2010 BMW 320d Executive E90 Auto,price,price,13750,-3.14,https://www.carsales.com.au/private/details/BMW-320d-2010/SSE-AD-4011241/?Cr=303
SSE-AD-4011241,320d - 2010 BMW 320d Executive E90 Auto,milage,milage,227000,-3.14,https://www.carsales.com.au/private/details/BMW-320d-2010/SSE-AD-4011241/?Cr=303
SSE-AD-4011241,320d - 2010 BMW 320d Executive E90 Auto,age,age,8,-3.14,https://www.carsales.com.au/private/details/BMW-320d-2010/SSE-AD-4011241/?Cr=303
SSE-AD-5110706,320d - 2006 BMW 320d Executive E90 Auto,price,price,6500,-4.69,https://www.carsales.com.au/private/details/BMW-320d-2006/SSE-AD-5110706/?Cr=479
SSE-AD-5110706,320d - 2006 BMW 320d Executive E90 Auto,milage,milage,273000,-4.69,https://www.carsales.com.au/private/details/BMW-320d-2006/SSE-AD-5110706/?Cr=479
SSE-AD-5110706,320d - 2006 BMW 320d Executive E90 Auto,age,age,12,-4.69,https://www.carsales.com.au/private/details/BMW-320d-2006/SSE-AD-5110706/?Cr=479
OAG-AD-15816347,320d - 2011 BMW 320d Lifestyle E90 Auto,price,price,15990,-0.02,https://www.carsales.com.au/dealer/details/BMW-320d-2011/OAG-AD-15816347/?Cr=130
OAG-AD-15816347,320d - 2011 BMW 320d Lifestyle E90 Auto,milage,milage,162558,-0.02,https://www.carsales.com.au/dealer/details/BMW-320d-2011/OAG-AD-15816347/?Cr=130
OAG-AD-15816347,320d - 2011 BMW 320d Lifestyle E90 Auto,age,age,7,-0.02,https://www.carsales.com.au/dealer/details/BMW-320d-2011/OAG-AD-15816347/?Cr=130
SSE-AD-5353663,320d - 2010 BMW 320d Executive E91 Auto,price,price,16900,-0.27,https://www.carsales.com.au/private/details/BMW-320d-2010/SSE-AD-5353663/?Cr=356
SSE-AD-5353663,320d - 2010 BMW 320d Executive E91 Auto,milage,milage,162313,-0.27,https://www.carsales.com.au/private/details/BMW-320d-2010/SSE-AD-5353663/?Cr=356
SSE-AD-5353663,320d - 2010 BMW 320d Executive E91 Auto,age,age,8,-0.27,https://www.carsales.com.au/private/details/BMW-320d-2010/SSE-AD-5353663/?Cr=356
OAG-AD-15778476,320d - 2011 BMW 320d Lifestyle E90 Auto,price,price,19975,2.04,https://www.carsales.com.au/dealer/details/BMW-320d-2011/OAG-AD-15778476/?Cr=491
OAG-AD-15778476,320d - 2011 BMW 320d Lifestyle E90 Auto,milage,milage,73000,2.04,https://www.carsales.com.au/dealer/details/BMW-320d-2011/OAG-AD-15778476/?Cr=491
OAG-AD-15778476,320d - 2011 BMW 320d Lifestyle E90 Auto,age,age,7,2.04,https://www.carsales.com.au/dealer/details/BMW-320d-2011/OAG-AD-15778476/?Cr=491
OAG-AD-15805651,320d - 2012 BMW 320d F30 Auto,price,price,31990,1.90,https://www.carsales.com.au/dealer/details/BMW-320d-2012/OAG-AD-15805651/?Cr=1099
OAG-AD-15805651,320d - 2012 BMW 320d F30 Auto,milage,milage,38500,1.90,https://www.carsales.com.au/dealer/details/BMW-320d-2012/OAG-AD-15805651/?Cr=1099
OAG-AD-15805651,320d - 2012 BMW 320d F30 Auto,age,age,6,1.90,https://www.carsales.com.au/dealer/details/BMW-320d-2012/OAG-AD-15805651/?Cr=1099
SSE-AD-4614758,320d - 2012 BMW 320d F30 Auto,price,price,27500,1.83,https://www.carsales.com.au/private/details/BMW-320d-2012/SSE-AD-4614758/?Cr=560
SSE-AD-4614758,320d - 2012 BMW 320d F30 Auto,milage,milage,58000,1.83,https://www.carsales.com.au/private/details/BMW-320d-2012/SSE-AD-4614758/?Cr=560
SSE-AD-4614758,320d - 2012 BMW 320d F30 Auto,age,age,6,1.83,https://www.carsales.com.au/private/details/BMW-320d-2012/SSE-AD-4614758/?Cr=560
SSE-AD-5336569,320d - 2012 BMW 320d F30 Auto,price,price,34000,1.54,https://www.carsales.com.au/private/details/BMW-320d-2012/SSE-AD-5336569/?Cr=227
SSE-AD-5336569,320d - 2012 BMW 320d F30 Auto,milage,milage,44000,1.54,https://www.carsales.com.au/private/details/BMW-320d-2012/SSE-AD-5336569/?Cr=227
SSE-AD-5336569,320d - 2012 BMW 320d F30 Auto,age,age,6,1.54,https://www.carsales.com.au/private/details/BMW-320d-2012/SSE-AD-5336569/?Cr=227
SSE-AD-5316376,320d - 2014 BMW 320d M Sport F34 Auto,price,price,38000,1.42,https://www.carsales.com.au/private/details/BMW-320d-2014/SSE-AD-5316376/?Cr=266
SSE-AD-5316376,320d - 2014 BMW 320d M Sport F34 Auto,milage,milage,44400,1.42,https://www.carsales.com.au/private/details/BMW-320d-2014/SSE-AD-5316376/?Cr=266
SSE-AD-5316376,320d - 2014 BMW 320d M Sport F34 Auto,age,age,4,1.42,https://www.carsales.com.au/private/details/BMW-320d-2014/SSE-AD-5316376/?Cr=266
SSE-AD-5329194,320d - 2011 BMW 320d E93 Auto,price,price,27999,1.39,https://www.carsales.com.au/private/details/BMW-320d-2011/SSE-AD-5329194/?Cr=313
SSE-AD-5329194,320d - 2011 BMW 320d E93 Auto,milage,milage,66480,1.39,https://www.carsales.com.au/private/details/BMW-320d-2011/SSE-AD-5329194/?Cr=313
SSE-AD-5329194,320d - 2011 BMW 320d E93 Auto,age,age,7,1.39,https://www.carsales.com.au/private/details/BMW-320d-2011/SSE-AD-5329194/?Cr=313
SSE-AD-5306871,320d - 2010 BMW 320d Lifestyle E90 Auto,price,price,16000,1.32,https://www.carsales.com.au/private/details/BMW-320d-2010/SSE-AD-5306871/?Cr=398
SSE-AD-5306871,320d - 2010 BMW 320d Lifestyle E90 Auto,milage,milage,108430,1.32,https://www.carsales.com.au/private/details/BMW-320d-2010/SSE-AD-5306871/?Cr=398
SSE-AD-5306871,320d - 2010 BMW 320d Lifestyle E90 Auto,age,age,8,1.32,https://www.carsales.com.au/private/details/BMW-320d-2010/SSE-AD-5306871/?Cr=398
SSE-AD-5321259,320d - 2015 BMW 320d Sport Line F30 Auto,price,price,41000,1.29,https://www.carsales.com.au/private/details/BMW-320d-2015/SSE-AD-5321259/?Cr=387
SSE-AD-5321259,320d - 2015 BMW 320d Sport Line F30 Auto,milage,milage,43500,1.29,https://www.carsales.com.au/private/details/BMW-320d-2015/SSE-AD-5321259/?Cr=387
SSE-AD-5321259,320d - 2015 BMW 320d Sport Line F30 Auto,age,age,3,1.29,https://www.carsales.com.au/private/details/BMW-320d-2015/SSE-AD-5321259/?Cr=387
SSE-AD-5267960,320d - 2011 BMW 320d F30 Auto,price,price,24000,1.26,https://www.carsales.com.au/private/details/BMW-320d-2011/SSE-AD-5267960/?Cr=235
SSE-AD-5267960,320d - 2011 BMW 320d F30 Auto,milage,milage,86000,1.26,https://www.carsales.com.au/private/details/BMW-320d-2011/SSE-AD-5267960/?Cr=235
SSE-AD-5267960,320d - 2011 BMW 320d F30 Auto,age,age,7,1.26,https://www.carsales.com.au/private/details/BMW-320d-2011/SSE-AD-5267960/?Cr=235
SSE-AD-5029657,320d - 2009 BMW 320d E92 Auto,price,price,19000,1.15,https://www.carsales.com.au/private/details/BMW-320d-2009/SSE-AD-5029657/?Cr=761
SSE-AD-5029657,320d - 2009 BMW 320d E92 Auto,milage,milage,97500,1.15,https://www.carsales.com.au/private/details/BMW-320d-2009/SSE-AD-5029657/?Cr=761
SSE-AD-5029657,320d - 2009 BMW 320d E92 Auto,age,age,9,1.15,https://www.carsales.com.au/private/details/BMW-320d-2009/SSE-AD-5029657/?Cr=761
OAG-AD-15692172,320d - 2013 BMW 320d F30 Auto,price,price,29990,1.14,https://www.carsales.com.au/dealer/details/BMW-320d-2013/OAG-AD-15692172/?Cr=114
OAG-AD-15692172,320d - 2013 BMW 320d F30 Auto,milage,milage,79077,1.14,https://www.carsales.com.au/dealer/details/BMW-320d-2013/OAG-AD-15692172/?Cr=114
OAG-AD-15692172,320d - 2013 BMW 320d F30 Auto,age,age,5,1.14,https://www.carsales.com.au/dealer/details/BMW-320d-2013/OAG-AD-15692172/?Cr=114
SSE-AD-5268827,320d - 2009 BMW 320d E93 Auto,price,price,25999,1.12,https://www.carsales.com.au/private/details/BMW-320d-2009/SSE-AD-5268827/?Cr=749
SSE-AD-5268827,320d - 2009 BMW 320d E93 Auto,milage,milage,72500,1.12,https://www.carsales.com.au/private/details/BMW-320d-2009/SSE-AD-5268827/?Cr=749
SSE-AD-5268827,320d - 2009 BMW 320d E93 Auto,age,age,9,1.12,https://www.carsales.com.au/private/details/BMW-320d-2009/SSE-AD-5268827/?Cr=749
SSE-AD-5327720,320d - 2015 BMW 320d M Sport F30 Auto,price,price,42500,1.05,https://www.carsales.com.au/private/details/BMW-320d-2015/SSE-AD-5327720/?Cr=393
SSE-AD-5327720,320d - 2015 BMW 320d M Sport F30 Auto,milage,milage,46600,1.05,https://www.carsales.com.au/private/details/BMW-320d-2015/SSE-AD-5327720/?Cr=393
SSE-AD-5327720,320d - 2015 BMW 320d M Sport F30 Auto,age,age,3,1.05,https://www.carsales.com.au/private/details/BMW-320d-2015/SSE-AD-5327720/?Cr=393
OAG-AD-15806638,320d - 2013 BMW 320d F30 Auto,price,price,31800,1.03,https://www.carsales.com.au/dealer/details/BMW-320d-2013/OAG-AD-15806638/?Cr=35
OAG-AD-15806638,320d - 2013 BMW 320d F30 Auto,milage,milage,76246,1.03,https://www.carsales.com.au/dealer/details/BMW-320d-2013/OAG-AD-15806638/?Cr=35
OAG-AD-15806638,320d - 2013 BMW 320d F30 Auto,age,age,5,1.03,https://www.carsales.com.au/dealer/details/BMW-320d-2013/OAG-AD-15806638/?Cr=35
OAG-AD-15773817,320d - 2013 BMW 320d High-line E93 Auto,price,price,36888,1.01,https://www.carsales.com.au/dealer/details/BMW-320d-2013/OAG-AD-15773817/?Cr=564
OAG-AD-15773817,320d - 2013 BMW 320d High-line E93 Auto,milage,milage,57843,1.01,https://www.carsales.com.au/dealer/details/BMW-320d-2013/OAG-AD-15773817/?Cr=564
OAG-AD-15773817,320d - 2013 BMW 320d High-line E93 Auto,age,age,5,1.01,https://www.carsales.com.au/dealer/details/BMW-320d-2013/OAG-AD-15773817/?Cr=564
OAG-AD-15813599,320d - 2015 BMW 320d Sport Line F30 LCI Auto,price,price,39990,0.99,https://www.carsales.com.au/dealer/details/BMW-320d-2015/OAG-AD-15813599/?Cr=1340
OAG-AD-15813599,320d - 2015 BMW 320d Sport Line F30 LCI Auto,milage,milage,58000,0.99,https://www.carsales.com.au/dealer/details/BMW-320d-2015/OAG-AD-15813599/?Cr=1340
OAG-AD-15813599,320d - 2015 BMW 320d Sport Line F30 LCI Auto,age,age,3,0.99,https://www.carsales.com.au/dealer/details/BMW-320d-2015/OAG-AD-15813599/?Cr=1340
OAG-AD-15794707,320d - 2012 BMW 320d F30 Auto,price,price,26990,0.98,https://www.carsales.com.au/dealer/details/BMW-320d-2012/OAG-AD-15794707/?Cr=1083
OAG-AD-15794707,320d - 2012 BMW 320d F30 Auto,milage,milage,90512,0.98,https://www.carsales.com.au/dealer/details/BMW-320d-2012/OAG-AD-15794707/?Cr=1083
OAG-AD-15794707,320d - 2012 BMW 320d F30 Auto,age,age,6,0.98,https://www.carsales.com.au/dealer/details/BMW-320d-2012/OAG-AD-15794707/?Cr=1083
OAG-AD-15697389,320d - 2013 BMW 320d M Sport F34 Auto,price,price,44990,0.93,https://www.carsales.com.au/dealer/details/BMW-320d-2013/OAG-AD-15697389/?Cr=544
OAG-AD-15697389,320d - 2013 BMW 320d M Sport F34 Auto,milage,milage,30332,0.93,https://www.carsales.com.au/dealer/details/BMW-320d-2013/OAG-AD-15697389/?Cr=544
OAG-AD-15697389,320d - 2013 BMW 320d M Sport F34 Auto,age,age,5,0.93,https://www.carsales.com.au/dealer/details/BMW-320d-2013/OAG-AD-15697389/?Cr=544
OAG-AD-15661126,320d - 2014 BMW 320d M Sport F30 Auto,price,price,36990,0.90,https://www.carsales.com.au/dealer/details/BMW-320d-2014/OAG-AD-15661126/?Cr=599
OAG-AD-15661126,320d - 2014 BMW 320d M Sport F30 Auto,milage,milage,67252,0.90,https://www.carsales.com.au/dealer/details/BMW-320d-2014/OAG-AD-15661126/?Cr=599
OAG-AD-15661126,320d - 2014 BMW 320d M Sport F30 Auto,age,age,4,0.90,https://www.carsales.com.au/dealer/details/BMW-320d-2014/OAG-AD-15661126/?Cr=599
SSE-AD-5261197,320d - 2011 BMW 320d E93 Auto,price,price,32500,0.88,https://www.carsales.com.au/private/details/BMW-320d-2011/SSE-AD-5261197/?Cr=270
SSE-AD-5261197,320d - 2011 BMW 320d E93 Auto,milage,milage,68000,0.88,https://www.carsales.com.au/private/details/BMW-320d-2011/SSE-AD-5261197/?Cr=270
SSE-AD-5261197,320d - 2011 BMW 320d E93 Auto,age,age,7,0.88,https://www.carsales.com.au/private/details/BMW-320d-2011/SSE-AD-5261197/?Cr=270
OAG-AD-15811097,320d - 2014 BMW 320d M Sport F30 Auto,price,price,29937,0.87,https://www.carsales.com.au/dealer/details/BMW-320d-2014/OAG-AD-15811097/?Cr=1324
OAG-AD-15811097,320d - 2014 BMW 320d M Sport F30 Auto,milage,milage,94564,0.87,https://www.carsales.com.au/dealer/details/BMW-320d-2014/OAG-AD-15811097/?Cr=1324
OAG-AD-15811097,320d - 2014 BMW 320d M Sport F30 Auto,age,age,4,0.87,https://www.carsales.com.au/dealer/details/BMW-320d-2014/OAG-AD-15811097/?Cr=1324
OAG-AD-14283605,320d - 2007 BMW 320d Executive E90 Auto,price,price,9800,0.85,https://www.carsales.com.au/dealer/details/BMW-320d-2007/OAG-AD-14283605/?Cr=467
OAG-AD-14283605,320d - 2007 BMW 320d Executive E90 Auto,milage,milage,131787,0.85,https://www.carsales.com.au/dealer/details/BMW-320d-2007/OAG-AD-14283605/?Cr=467
OAG-AD-14283605,320d - 2007 BMW 320d Executive E90 Auto,age,age,11,0.85,https://www.carsales.com.au/dealer/details/BMW-320d-2007/OAG-AD-14283605/?Cr=467
SSE-AD-5297695,320d - 2008 BMW 320d Executive E90 Auto,price,price,12600,0.76,https://www.carsales.com.au/private/details/BMW-320d-2008/SSE-AD-5297695/?Cr=282
SSE-AD-5297695,320d - 2008 BMW 320d Executive E90 Auto,milage,milage,130136,0.76,https://www.carsales.com.au/private/details/BMW-320d-2008/SSE-AD-5297695/?Cr=282
SSE-AD-5297695,320d - 2008 BMW 320d Executive E90 Auto,age,age,10,0.76,https://www.carsales.com.au/private/details/BMW-320d-2008/SSE-AD-5297695/?Cr=282
SSE-AD-5341368,320d - 2013 BMW 320d High-line E93 Auto,price,price,39999,0.71,https://www.carsales.com.au/private/details/BMW-320d-2013/SSE-AD-5341368/?Cr=290
SSE-AD-5341368,320d - 2013 BMW 320d High-line E93 Auto,milage,milage,57000,0.71,https://www.carsales.com.au/private/details/BMW-320d-2013/SSE-AD-5341368/?Cr=290
SSE-AD-5341368,320d - 2013 BMW 320d High-line E93 Auto,age,age,5,0.71,https://www.carsales.com.au/private/details/BMW-320d-2013/SSE-AD-5341368/?Cr=290
OAG-AD-15736708,320d - 2017 BMW 320d Sport Line F30 LCI Auto,price,price,61777,0.64,https://www.carsales.com.au/dealer/details/BMW-320d-2017/OAG-AD-15736708/?Cr=1318
OAG-AD-15736708,320d - 2017 BMW 320d Sport Line F30 LCI Auto,milage,milage,150,0.64,https://www.carsales.com.au/dealer/details/BMW-320d-2017/OAG-AD-15736708/?Cr=1318
OAG-AD-15736708,320d - 2017 BMW 320d Sport Line F30 LCI Auto,age,age,1,0.64,https://www.carsales.com.au/dealer/details/BMW-320d-2017/OAG-AD-15736708/?Cr=1318
SSE-AD-5315177,320d - 2012 BMW 320d F30 Auto,price,price,21900,0.64,https://www.carsales.com.au/private/details/BMW-320d-2012/SSE-AD-5315177/?Cr=183
SSE-AD-5315177,320d - 2012 BMW 320d F30 Auto,milage,milage,122000,0.64,https://www.carsales.com.au/private/details/BMW-320d-2012/SSE-AD-5315177/?Cr=183
SSE-AD-5315177,320d - 2012 BMW 320d F30 Auto,age,age,6,0.64,https://www.carsales.com.au/private/details/BMW-320d-2012/SSE-AD-5315177/?Cr=183
SSE-AD-5317065,320d - 2012 BMW 320d F30 Auto,price,price,37000,0.61,https://www.carsales.com.au/private/details/BMW-320d-2012/SSE-AD-5317065/?Cr=379
SSE-AD-5317065,320d - 2012 BMW 320d F30 Auto,milage,milage,66435,0.61,https://www.carsales.com.au/private/details/BMW-320d-2012/SSE-AD-5317065/?Cr=379
SSE-AD-5317065,320d - 2012 BMW 320d F30 Auto,age,age,6,0.61,https://www.carsales.com.au/private/details/BMW-320d-2012/SSE-AD-5317065/?Cr=379
OAG-AD-15404478,320d - 2009 BMW 320d E92 Auto,price,price,17990,0.58,https://www.carsales.com.au/dealer/details/BMW-320d-2009/OAG-AD-15404478/?Cr=594
OAG-AD-15404478,320d - 2009 BMW 320d E92 Auto,milage,milage,122060,0.58,https://www.carsales.com.au/dealer/details/BMW-320d-2009/OAG-AD-15404478/?Cr=594
OAG-AD-15404478,320d - 2009 BMW 320d E92 Auto,age,age,9,0.58,https://www.carsales.com.au/dealer/details/BMW-320d-2009/OAG-AD-15404478/?Cr=594
OAG-AD-15693131,320d - 2017 BMW 320d M Sport F30 LCI Auto,price,price,61999,0.52,https://www.carsales.com.au/demo/details/BMW-320d-2017/OAG-AD-15693131/?Cr=614
OAG-AD-15693131,320d - 2017 BMW 320d M Sport F30 LCI Auto,milage,milage,3664,0.52,https://www.carsales.com.au/demo/details/BMW-320d-2017/OAG-AD-15693131/?Cr=614
OAG-AD-15693131,320d - 2017 BMW 320d M Sport F30 LCI Auto,age,age,1,0.52,https://www.carsales.com.au/demo/details/BMW-320d-2017/OAG-AD-15693131/?Cr=614
OAG-AD-15751267,320d - 2016 BMW 320d M Sport F30 LCI Auto,price,price,59990,0.51,https://www.carsales.com.au/dealer/details/BMW-320d-2016/OAG-AD-15751267/?Cr=1285
OAG-AD-15751267,320d - 2016 BMW 320d M Sport F30 LCI Auto,milage,milage,6001,0.51,https://www.carsales.com.au/dealer/details/BMW-320d-2016/OAG-AD-15751267/?Cr=1285
OAG-AD-15751267,320d - 2016 BMW 320d M Sport F30 LCI Auto,age,age,2,0.51,https://www.carsales.com.au/dealer/details/BMW-320d-2016/OAG-AD-15751267/?Cr=1285
OAG-AD-15755418,320d - 2017 BMW 320d M Sport F30 LCI Auto,price,price,62880,0.43,https://www.carsales.com.au/dealer/details/BMW-320d-2017/OAG-AD-15755418/?Cr=29
OAG-AD-15755418,320d - 2017 BMW 320d M Sport F30 LCI Auto,milage,milage,3600,0.43,https://www.carsales.com.au/dealer/details/BMW-320d-2017/OAG-AD-15755418/?Cr=29
OAG-AD-15755418,320d - 2017 BMW 320d M Sport F30 LCI Auto,age,age,1,0.43,https://www.carsales.com.au/dealer/details/BMW-320d-2017/OAG-AD-15755418/?Cr=29
OAG-AD-15692405,320d - 2017 BMW 320d M Sport F30 LCI Auto,price,price,62999,0.40,https://www.carsales.com.au/demo/details/BMW-320d-2017/OAG-AD-15692405/?Cr=589
OAG-AD-15692405,320d - 2017 BMW 320d M Sport F30 LCI Auto,milage,milage,4455,0.40,https://www.carsales.com.au/demo/details/BMW-320d-2017/OAG-AD-15692405/?Cr=589
OAG-AD-15692405,320d - 2017 BMW 320d M Sport F30 LCI Auto,age,age,1,0.40,https://www.carsales.com.au/demo/details/BMW-320d-2017/OAG-AD-15692405/?Cr=589